MS;refYears;spp;region;RFMO;area;select;landings;TAC;shareLanding;Thresh;Comments
FR;2015-2017;Anguilla anguilla;North Sea and Eastern Arctic;ICES;I, II;-;-;-;-;-;-
FR;2015-2017;Brosme brosme;North Sea and Eastern Arctic;ICES;I, II;No;4;29%;31%;O;-
FR;2015-2017;Clupea harengus;North Sea and Eastern Arctic;ICES;I, II;No;-;1%;0%;O;19%
FR;2015-2017;Gadus morhua;North Sea and Eastern Arctic;ICES;I, II;Yes;8036;9%;7%;C;26%
FR;2015-2017;Mallotus villosus;North Sea and Eastern Arctic;ICES;I, II;-;-;-;-;-;-
FR;2015-2017;Melanogrammus aeglefinus;North Sea and Eastern Arctic;ICES;I, II;Yes;264;13%;9%;M;-
FR;2015-2017;Micromesistius poutassou;North Sea and Eastern Arctic;ICES;I, II;No;-;11%;0%;O;-
FR;2015-2017;Pandalus borealis;North Sea and Eastern Arctic;ICES;I, II;-;-;-;-;-;-
FR;2015-2017;Pollachius virens;North Sea and Eastern Arctic;ICES;I, II;Yes;520;-;11%;M;-
FR;2015-2017;Reinhardtius hippoglossoides;North Sea and Eastern Arctic;ICES;I, II;Yes;229;-;15%;M;-
FR;2015-2017;Salmo salar;North Sea and Eastern Arctic;ICES;I, II;-;-;-;-;-;-
FR;2015-2017;Scomber scombrus;North Sea and Eastern Arctic;ICES;II;No;36;6%;0%;O;20%
FR;2015-2017;Sebastes marinus;North Sea and Eastern Arctic;ICES;I, II;-;-;-;-;-;-
FR;2015-2017;Sebastes mentella;North Sea and Eastern Arctic;ICES;I, II;-;-;-;-;-;-
FR;2015-2017;Trachurus trachurus;North Sea and Eastern Arctic;ICES;IIa;Yes;-;4%;0%;C;33%
FR;2015-2017;Ammodytidae;North Sea and Eastern Arctic;ICES;IIIa;-;-;-;-;-;-
FR;2015-2017;Anguilla anguilla;North Sea and Eastern Arctic;ICES;IIIa;-;-;-;-;-;-
FR;2015-2017;Clupea harengus;North Sea and Eastern Arctic;ICES;22-24, IIIa;-;-;-;-;-;-
FR;2015-2017;Coryphaenoides rupestris;North Sea and Eastern Arctic;ICES;IIIa;-;-;-;-;-;-
FR;2015-2017;Eutrigla gurnardus;North Sea and Eastern Arctic;ICES;IIIa;-;-;-;-;-;-
FR;2015-2017;Aspitrigla cuculus;North Sea and Eastern Arctic;ICES;IIIa;-;-;-;-;-;-
FR;2015-2017;Gadus morhua;North Sea and Eastern Arctic;ICES;IIIaN;-;-;-;-;-;-
FR;2015-2017;Gadus morhua;North Sea and Eastern Arctic;ICES;IIIaS;-;-;-;-;-;-
FR;2015-2017;Glyptocephalus cynoglossus;North Sea and Eastern Arctic;ICES;IIIa;-;-;-;-;-;-
FR;2015-2017;Limanda limanda;North Sea and Eastern Arctic;ICES;IIIa;-;-;-;-;-;-
FR;2015-2017;Melanogrammus aeglefinus;North Sea and Eastern Arctic;ICES;IIIa;-;-;-;-;-;-
FR;2015-2017;Merlangius merlangus;North Sea and Eastern Arctic;ICES;IIIa;-;-;-;-;-;-
FR;2015-2017;Merluccius merluccius;North Sea and Eastern Arctic;ICES;IIIa;-;-;-;-;-;-
FR;2015-2017;Micromesistius poutassou;North Sea and Eastern Arctic;ICES;IIIa;No;-;11%;0%;O;-
FR;2015;Nephrops norvegicus;North Sea and Eastern Arctic;ICES;Functional unit 3-4;-;-;-;-;-;-
FR;2015-2017;Pandalus borealis;North Sea and Eastern Arctic;ICES;IIIa;-;-;-;-;-;-
FR;2015-2017;Pleuronectes platessa;North Sea and Eastern Arctic;ICES;IIIa;-;-;-;-;-;-
FR;2015-2017;Pollachius virens;North Sea and Eastern Arctic;ICES;IIIa;No;1;-;0%;O;-
FR;2015-2017;Salmo salar;North Sea and Eastern Arctic;ICES;IIIa;-;-;-;-;-;-
FR;2015-2017;Psetta maxima;North Sea and Eastern Arctic;ICES;IIIa ;-;-;-;-;-;-
FR;2015-2017;Scomber scombrus;North Sea and Eastern Arctic;ICES;IIIa;No;-;6%;0%;O;20%
FR;2015-2017;Scophthalmus rhombus;North Sea and Eastern Arctic;ICES;IIIa;-;-;-;-;-;-
FR;2015-2017;Solea solea;North Sea and Eastern Arctic;ICES;IIIa;-;-;-;-;-;-
FR;2015-2017;Sprattus sprattus;North Sea and Eastern Arctic;ICES;IIIa;-;-;-;-;-;-
FR;2015-2017;Trisopterus esmarki;North Sea and Eastern Arctic;ICES;IIIa;-;-;-;-;-;-
FR;2015-2017;Anguilla anguilla;Baltic Sea;ICES;22-32;-;-;-;-;-;-
FR;2015-2017;Clupea harengus;Baltic Sea;ICES;22-24;-;-;-;-;-;-
FR;2015-2017;Clupea harengus;Baltic Sea;ICES;25-29, 32;-;-;-;-;-;-
FR;2015-2017;Clupea harengus;Baltic Sea;ICES;30;-;-;-;-;-;-
FR;2015-2017;Clupea harengus;Baltic Sea;ICES;31;-;-;-;-;-;-
FR;2015-2017;Clupea harengus;Baltic Sea;ICES;Gulf of Riga;-;-;-;-;-;-
FR;2015-2017;Coregonus lavaretus;Baltic Sea;ICES;IIId;-;-;-;-;-;-
FR;2015-2017;Coregonus albula;Baltic Sea;ICES;22-32;-;-;-;-;-;-
FR;2015-2017;Gadus morhua;Baltic Sea;ICES;22-24;-;-;-;-;-;-
FR;2015-2017;Gadus morhua;Baltic Sea;ICES;25-32;-;-;-;-;-;-
FR;2015-2017;Limanda limanda;Baltic Sea;ICES;22-32;-;-;-;-;-;-
FR;2015-2017;Perca fluviatilis;Baltic Sea;ICES;IIId;-;-;-;-;-;-
FR;2015-2017;Platichthys flesus;Baltic Sea;ICES;22-32;-;-;-;-;-;-
FR;2015-2017;Pleuronectes platessa;Baltic Sea;ICES;22-32;-;-;-;-;-;-
FR;2015-2017;Psetta maxima;Baltic Sea;ICES;22-32;-;-;-;-;-;-
FR;2015-2017;Salmo salar;Baltic Sea;ICES;22-31;-;-;-;-;-;-
FR;2015-2017;Salmo salar;Baltic Sea;ICES;32;-;-;-;-;-;-
FR;2015-2017;Salmo trutta;Baltic Sea;ICES;22-32;-;-;-;-;-;-
FR;2015-2017;Sander lucioperca;Baltic Sea;ICES;IIId;-;-;-;-;-;-
FR;2015-2017;Scophthalmus rhombus;Baltic Sea;ICES;22-32;-;-;-;-;-;-
FR;2015-2017;Solea solea;Baltic Sea;ICES;22;-;-;-;-;-;-
FR;2015-2017;Sprattus sprattus;Baltic Sea;ICES;22-32;-;-;-;-;-;-
FR;2015-2017;Ammodytidae;North Sea and Eastern Arctic;ICES;IV;-;-;-;-;-;-
FR;2015-2017;Anarhichas spp.;North Sea and Eastern Arctic;ICES;IV;-;-;-;-;-;-
FR;2015-2017;Anguilla anguilla;North Sea and Eastern Arctic;ICES;IV, VIId;No;1;-;1%;O;-
FR;2015-2017;Argentina spp.;North Sea and Eastern Arctic;ICES;IV;No;-;1%;0%;O;11%
FR;2015-2017;Eutrigla gurnardus;North Sea and Eastern Arctic;ICES;IV;No;4;-;0%;O;-
FR;2015-2017;Brosme brosme;North Sea and Eastern Arctic;ICES;IV;No;5;19%;3%;O;-
FR;2015-2017;Clupea harengus;North Sea and Eastern Arctic;ICES;IV, VIId;No;32543;0%;4%;O;4%
FR;2015-2017;Crangon crangon;North Sea and Eastern Arctic;ICES;IV, VIId;No;117;-;0%;O;-
FR;2015-2017;Dicentrarchus labrax;North Sea and Eastern Arctic;ICES;IV, VIId;Yes;461;-;28%;M;-
FR;2015-2017;Eutrigla gurnardus;North Sea and Eastern Arctic;ICES;IV;No;4;-;0%;O;-
FR;2015-2017;Gadus morhua;North Sea and Eastern Arctic;ICES;IV, VIId;No;1165;9%;2%;O;13%
FR;2015-2017;Glyptocephalus cynoglossus;North Sea and Eastern Arctic;ICES;IV;-;-;-;-;-;-
FR;2015-2017;Helicolenus dactylopterus;North Sea and Eastern Arctic;ICES;IV;-;-;-;-;-;-
FR;2015-2017;Lepidorhombus boscii;North Sea and Eastern Arctic;ICES;IV, VIId;No;-;2%;0%;O;4%
FR;2015-2017;Lepidorhombus whiffiagonis;North Sea and Eastern Arctic;ICES;IV, VIId;No;6;2%;6%;O;4%
FR;2015-2017;Limanda limanda;North Sea and Eastern Arctic;ICES;IV, VIId;No;378;-;4%;O;-
FR;2015-2017;Lophius budegassa;North Sea and Eastern Arctic;ICES;IV, VIId;No;-;1%;0%;O;19%
FR;2015-2017;Lophius piscatorius;North Sea and Eastern Arctic;ICES;IV;No;-;1%;0%;O;19%
FR;2015-2017;Macrourus berglax;North Sea and Eastern Arctic;ICES;IV;No;-;70%;50%;O;-
FR;2015-2017;Melanogrammus aeglefinus;North Sea and Eastern Arctic;ICES;IV;No;110;6%;0%;O;16%
FR;2015-2017;Merlangius merlangus;North Sea and Eastern Arctic;ICES;IV, VIId;Yes;4118;14%;11%;M;-
FR;2015-2017;Merluccius merluccius;North Sea and Eastern Arctic;ICES;IV VII;Yes;1624;13%;6%;M;-
FR;2015-2017;Micromesistius poutassou;North Sea and Eastern Arctic;ICES;IV, VIId;No;-;11%;0%;O;-
FR;2015-2017;Microstomus kitt;North Sea and Eastern Arctic;ICES;IV, VIId;No;93;-;1%;O;-
FR;2015-2017;Molva dypterygia;North Sea and Eastern Arctic;ICES;IV;No;6;43%;26%;O;-
FR;2015-2017;Molva molva;North Sea and Eastern Arctic;ICES;IV;No;215;6%;3%;O;13%
FR;2015-2017;Mullus barbatus;North Sea and Eastern Arctic;ICES;IV, VIId;-;-;-;-;-;-
FR;2015-2017;Mullus surmuletus;North Sea and Eastern Arctic;ICES;IV, VIId;Yes;1086;-;19%;M;-
FR;2015;Nephrops norvegicus;North Sea and Eastern Arctic;ICES;functional units 7;No;-;-;0%;O;13%
FR;2015;Nephrops norvegicus;North Sea and Eastern Arctic;ICES;functional units 10;No;-;-;0%;O;13%
FR;2015-2017;Nephrops norvegicus;North Sea and Eastern Arctic;ICES;functional units 32 (TAC IIa, IV);No;-;0%;0%;O;13%
FR;2015;Nephrops norvegicus;North Sea and Eastern Arctic;ICES;functional units 6;No;-;-;0%;O;13%
FR;2015;Nephrops norvegicus;North Sea and Eastern Arctic;ICES;functional units 8;No;-;-;0%;O;13%
FR;2015;Nephrops norvegicus;North Sea and Eastern Arctic;ICES;functional units 9;No;-;-;0%;O;13%
FR;2015-2017;Nephrops norvegicus;North Sea and Eastern Arctic;ICES;functional units 33 (TAC IIa, VI);No;-;0%;0%;O;13%
FR;2015;Nephrops norvegicus;North Sea and Eastern Arctic;ICES;functional units 34;No;-;-;0%;O;13%
FR;2015-2017;Pandalus borealis;North Sea and Eastern Arctic;ICES;IVa;-;-;-;-;-;-
FR;2015-2017;Pandalus borealis;North Sea and Eastern Arctic;ICES;IV;-;-;-;-;-;-
FR;2015-2017;Pecten maximus;North Sea and Eastern Arctic;ICES;VIId;Yes;14404;-;37%;M;-
FR;2015-2017;Phycis blennoides;North Sea and Eastern Arctic;ICES;IV;No;1;27%;4%;O;-
FR;2015-2017;Phycis phycis;North Sea and Eastern Arctic;ICES;IV;-;-;-;-;-;-
FR;2015-2017;Platichthys flesus;North Sea and Eastern Arctic;ICES;IV;No;19;-;1%;O;-
FR;2015-2017;Pleuronectes platessa;North Sea and Eastern Arctic;ICES;IV;No;198;1%;0%;O;13%
FR;2015-2017;Pleuronectes platessa;North Sea and Eastern Arctic;ICES;VIId;Yes;1629;55%;18%;M;-
FR;2015-2017;Pollachius virens;North Sea and Eastern Arctic;ICES;IV;Yes;11183;-;18%;M;-
FR;2015-2017;Psetta maxima;North Sea and Eastern Arctic;ICES;IV, VIId;No;301;-;4%;O;-
FR;2015-2017;Reinhardtius hippoglossoides;North Sea and Eastern Arctic;ICES;IV;No;32;18%;11%;O;-
FR;2015-2017;Salmo salar;North Sea and Eastern Arctic;ICES;IV, VIId;-;-;-;-;-;-
FR;2015-2017;Scomber scombrus;North Sea and Eastern Arctic;ICES;IV, VIId;No;11272;6%;3%;O;20%
FR;2015-2017;Scophthalmus rhombus;North Sea and Eastern Arctic;ICES;IV, VIId;No;93;-;3%;O;-
FR;2015-2017;Sebastes mentella;North Sea and Eastern Arctic;ICES;IV;-;-;-;-;-;-
FR;2015-2017;Solea solea;North Sea and Eastern Arctic;ICES;IV;No;452;2%;2%;O;25%
FR;2015-2017;Solea solea;North Sea and Eastern Arctic;ICES;VIId;Yes;1616;54%;30%;M;-
FR;2015-2017;Sprattus sprattus;North Sea and Eastern Arctic;ICES;IV;No;-;1%;0%;O;10%
FR;2015-2017;Sprattus sprattus;North Sea and Eastern Arctic;ICES;VIId;No;1;7%;19%;O;15%
FR;2015-2017;Trachurus trachurus;North Sea and Eastern Arctic;ICES;IV, VIId;No;946;4%;9%;O;13%
FR;2015-2017;Trigla lucerna;North Sea and Eastern Arctic;ICES;IV;-;-;-;-;-;-
FR;2015-2017;Trisopterus esmarki;North Sea and Eastern Arctic;ICES;IV;-;-;-;-;-;-
FR;2015-2017;Zeus faber;North Sea and Eastern Arctic;ICES;IV, VIId;No;58;-;36%;O;-
FR;2015-2017;Alopias vulpinus;North Sea and Eastern Arctic;ICES;all areas;No;1;-;34%;O;-
FR;2015-2017;Dasyatis tortonesei;North Sea and Eastern Arctic;ICES;all areas;-;-;-;-;-;-
FR;2015-2017;Galeorhinus galeus;North Sea and Eastern Arctic;ICES;all areas;No;40;-;36%;O;-
FR;2015-2017;Mustelus asterias;North Sea and Eastern Arctic;ICES;all areas;-;-;-;-;-;-
FR;2015-2017;Scyliorhinus canicula;North Sea and Eastern Arctic;ICES;IV, VIId;Yes;2037;-;38%;M;-
FR;2015-2017;Scyliorhinus stellaris;North Sea and Eastern Arctic;ICES;IV, VIId;Yes;213;-;44%;M;-
FR;2015-2017;Squalus acanthias;North Sea and Eastern Arctic;ICES;all areas;-;-;-;-;-;-
FR;2015-2017;Raja asterias;North Sea and Eastern Arctic;ICES;IV, VIId;-;-;-;-;-;-
FR;2015-2017;Rostroraja alba;North Sea and Eastern Arctic;ICES;IV, VIId;-;-;-;-;-;-
FR;2015-2017;Raja clavata;North Sea and Eastern Arctic;ICES;IV, VIId;Yes;830;-;23%;M;-
FR;2015-2017;Raja microocellata;North Sea and Eastern Arctic;ICES;all areas;No;4;-;16%;O;-
FR;2015-2017;Leucoraja fullonica;North Sea and Eastern Arctic;ICES;all areas;-;-;-;-;-;-
FR;2015-2017;Amblyraja hyperborea;North Sea and Eastern Arctic;ICES;IV, VIId;-;-;-;-;-;-
FR;2015-2017;Raja brachyura;North Sea and Eastern Arctic;ICES;IV, VIId;No;33;-;8%;O;-
FR;2015-2017;Leucoraja circularis;North Sea and Eastern Arctic;ICES;all areas;-;-;-;-;-;-
FR;2015-2017;Raja montagui;North Sea and Eastern Arctic;ICES;IV, VIId;No;16;-;3%;O;-
FR;2015-2017;Leucoraja naevus;North Sea and Eastern Arctic;ICES;IV, VIId;-;-;-;-;-;-
FR;2015-2017;Bathyraja radiata;North Sea and Eastern Arctic;ICES;IV;-;-;-;-;-;-
FR;2015-2017;Raja undulata;North Sea and Eastern Arctic;ICES;VIId;No;8;-;30%;O;-
FR;2015-2017;Rajiformes;North Sea and Eastern Arctic;ICES;IV, VIId;No;28;-;25%;O;-
FR;2015-2017;Alepocephalus bairdii;North Atlantic;ICES;VI, XII;-;-;-;-;-;-
FR;2015-2017;Ammodytidae;North Atlantic;ICES;VIa;-;-;-;-;-;-
FR;2015-2017;Capros aper;North Atlantic;ICES;V, VI,VII;No;2;-;0%;O;-
FR;2015-2017;Pecten maximus;North Atlantic;ICES;IV, VI, VII;Yes;8493;-;12%;M;-
FR;2015-2017;Aequipecten opercularis;North Atlantic;ICES;VII;No;1887;-;9%;O;-
FR;2015-2017;Maja squinado;North Atlantic;ICES;V, VI,VII;Yes;3787;-;43%;M;-
FR;2015-2017;Anguilla anguilla;North Atlantic;ICES;all areas;No;44;-;28%;O;-
FR;2015-2017;Aphanopus spp.;North Atlantic;ICES;all areas;No;-;38%;0%;O;-
FR;2015-2017;Argentina spp.;North Atlantic;ICES;all areas;No;-;0%;0%;O;20%
FR;2015-2017;Argyrosomus regius;North Atlantic;ICES;all areas;Yes;731;-;24%;M;-
FR;2015-2017;Aspitrigla cuculus;North Atlantic;ICES;all areas;Yes;2253;-;45%;M;-
FR;2015-2017;Beryx spp.;North Atlantic;ICES;all areas, excluding X and IXa;No;-;6%;0%;O;12%
FR;2015-2017;Beryx spp.;North Atlantic;ICES;IXa and X;No;-;6%;0%;O;12%
FR;2015-2017;Cancer pagurus;North Atlantic;ICES;all areas;No;4095;-;8%;O;-
FR;2015-2017;Clupea harengus;North Atlantic;ICES;VIa;No;4;-;0%;O;-
FR;2015-2017;Clupea harengus;North Atlantic;ICES;VIa S, VIIbc;No;4;-;0%;O;-
FR;2015-2017;Clupea harengus;North Atlantic;ICES;VIIa;-;-;-;-;-;-
FR;2015-2017;Clupea harengus;North Atlantic;ICES;VIIj;No;-;6%;0%;O;14%
FR;2015-2017;Conger conger;North Atlantic;ICES;all areas, excluding X;Yes;4256;-;28%;M;-
FR;2015-2017;Conger conger;North Atlantic;ICES;X;-;-;-;-;-;-
FR;2015-2017;Coryphaenoides rupestris;North Atlantic;ICES;all areas;Yes;419;-;11%;M;-
FR;2015-2017;Dalatias licha;North Atlantic;ICES;All areas;-;-;-;-;-;-
FR;2015-2017;Dasyatis pastinaca;North Atlantic;ICES;VII, VIII;No;6;41%;55%;O;-
FR;2015-2017;Deania calcea;North Atlantic;ICES;V, VI, VII, IX, X, XII;-;-;-;-;-;-
FR;2015-2017;Dicentrarchus labrax;North Atlantic;ICES;all areas, excluding IX;Yes;2542;-;42%;M;-
FR;2015-2017;Dicentrarchus labrax;North Atlantic;ICES;IX;-;-;-;-;-;-
FR;2015-2017;Dicologlossa cuneata;North Atlantic;ICES;VIIIc, IX;-;-;-;-;-;-
FR;2015-2017;Engraulis encrasicolus;North Atlantic;ICES;IXa (only C?diz);-;-;-;-;-;-
FR;2015-2017;Engraulis encrasicolus;North Atlantic;ICES;VIII;Yes;2796;10%;6%;M;-
FR;2015-2017;Etmopterus spinax;North Atlantic;ICES;VI, VII, VIII;No;1;-;96%;O;-
FR;2015-2017;Eutrigla gurnardus;North Atlantic;ICES;VIId,e;No;15;-;38%;O;-
FR;2015-2017;Gadus morhua;North Atlantic;ICES;Va;-;-;-;-;-;-
FR;2015-2017;Gadus morhua;North Atlantic;ICES;Vb;No;3;-;0%;O;-
FR;2015-2017;Gadus morhua;North Atlantic;ICES;VIa;No;49;-;9%;O;-
FR;2015-2017;Gadus morhua;North Atlantic;ICES;VIb;No;-;16%;0%;O;-
FR;2015-2017;Gadus morhua;North Atlantic;ICES;VIIa;No;-;3%;0%;O;5%
FR;2015-2017;Gadus morhua;North Atlantic;ICES;VIIe-k;Yes;2247;63%;33%;M;-
FR;2015-2017;Glyptocephalus cynoglossus;North Atlantic;ICES;VI, VII;No;241;-;9%;O;-
FR;2015-2017;Helicolenus dactylopterus;North Atlantic;ICES;all areas;No;147;-;5%;O;-
FR;2015-2017;Homarus gammarus;North Atlantic;ICES;all areas;Yes;455;-;13%;M;-
FR;2015-2017;Hoplostethus atlanticus;North Atlantic;ICES;all areas;-;-;-;-;-;-
FR;2015-2017;Lepidopus caudatus;North Atlantic;ICES;IXa;-;-;-;-;-;-
FR;2015-2017;Lepidorhombus boscii;North Atlantic;ICES;VIIIc, IXa;No;-;5%;0%;O;8%
FR;2015-2017;Lepidorhombus whiffiagonis;North Atlantic;ICES;VI;No;138;44%;100%;O;-
FR;2015-2017;Lepidorhombus whiffiagonis;North Atlantic;ICES;VII, VIIIabd;Yes;3031;37%;100%;M;-
FR;2015-2017;Lepidorhombus whiffiagonis;North Atlantic;ICES;VIIIc, IXa;No;1;5%;1%;O;8%
FR;2015-2017;Limanda limanda;North Atlantic;ICES;VIIe;No;5;-;5%;O;-
FR;2015-2017;Limanda limanda;North Atlantic;ICES;VIIa,f-h;-;-;-;-;-;-
FR;2015-2017;Loligo vulgaris;North Atlantic;ICES;all areas, excluding VIIIc, IXa;-;-;-;-;-;-
FR;2015-2017;Loligo vulgaris;North Atlantic;ICES;VIIIc, IXa;-;-;-;-;-;-
FR;2015-2017;Lophius budegassa;North Atlantic;ICES;IV, VI;No;-;16%;0%;O;-
FR;2015-2017;Lophius budegassa;North Atlantic;ICES;VIIb-k, VIIIabd;No;-;59%;0%;O;-
FR;2015-2017;Lophius budegassa;North Atlantic;ICES;VIIIc, IXa;No;-;0%;0%;O;0%
FR;2015-2017;Lophius piscatorius;North Atlantic;ICES;IV, VI;No;-;16%;0%;O;-
FR;2015-2017;Lophius piscatorius;North Atlantic;ICES;VIIb-k, VIIIabd;No;-;59%;0%;O;-
FR;2015-2017;Lophius piscatorius;North Atlantic;ICES;VIIIc, IXa;No;-;0%;0%;O;0%
FR;2015-2017;Mallotus villosus;North Atlantic;ICES;XIV;-;-;-;-;-;-
FR;2015-2017;Melanogrammus aeglefinus;North Atlantic;ICES;Va;-;-;-;-;-;-
FR;2015-2017;Melanogrammus aeglefinus;North Atlantic;ICES;Vb;No;3;-;1%;O;-
FR;2015-2017;Melanogrammus aeglefinus;North Atlantic;ICES;VIa;No;51;6%;1%;O;6%
FR;2015-2017;Melanogrammus aeglefinus;North Atlantic;ICES;Vib;No;-;11%;0%;O;-
FR;2015-2017;Melanogrammus aeglefinus;North Atlantic;ICES;VIIa;No;4;7%;0%;O;9%
FR;2015-2017;Melanogrammus aeglefinus;North Atlantic;ICES;VIIb-k;Yes;5083;67%;35%;M;-
FR;2015-2017;Merlangius merlangus;North Atlantic;ICES;VIII;Yes;2298;60%;48%;M;-
FR;2015-2017;Merlangius merlangus;North Atlantic;ICES;IX, X;-;-;-;-;-;-
FR;2015-2017;Merlangius merlangus;North Atlantic;ICES;Vb;No;2;12%;14%;O;-
FR;2015-2017;Merlangius merlangus;North Atlantic;ICES;VIa;No;2;12%;1%;O;-
FR;2015-2017;Merlangius merlangus;North Atlantic;ICES;VIb;No;-;12%;0%;O;-
FR;2015-2017;Merlangius merlangus;North Atlantic;ICES;VIIa;No;-;4%;0%;O;4%
FR;2015-2017;Merlangius merlangus;North Atlantic;ICES;VIIe-k;Yes;5935;60%;22%;M;-
FR;2015-2017;Merluccius merluccius;North Atlantic;ICES;IIIa, IV, VI, VII, VIIIab;Yes;43061;46%;23%;M;-
FR;2015-2017;Merluccius merluccius;North Atlantic;ICES;VIIIc, IXa;No;236;6%;1%;O;6%
FR;2015-2017;Microchirus variegatus;North Atlantic;ICES;all areas;No;23;-;8%;O;-
FR;2015-2017;Micromesistius poutassou;North Atlantic;ICES;I-IX, XII, XIV;Yes;11436;11%;2%;M;-
FR;2015-2017;Microstomus kitt;North Atlantic;ICES;all areas;Yes;800;-;14%;M;-
FR;2015-2017;Molva dypterygia;North Atlantic;ICES;all areas, excluding X;Yes;1109;76%;32%;M;-
FR;2015-2017;Molva macrophthalma;North Atlantic;ICES;X;-;-;-;-;-;-
FR;2015-2017;Molva molva;North Atlantic;ICES;all areas;Yes;1897;29%;14%;M;-
FR;2015-2017;Mullus surmuletus;North Atlantic;ICES;all areas;Yes;1187;-;33%;M;-
FR;2015-2017;Mustelus asterias;North Atlantic;ICES;VI, VII, VIII, IX;-;-;-;-;-;-
FR;2015-2017;Mustelus mustelus;North Atlantic;ICES;VI, VII, VIII, IX;-;-;-;-;-;-
FR;2015-2017;Mustelus punctulatus;North Atlantic;ICES;VI, VII, VIII, IX;-;-;-;-;-;-
FR;2015;Nephrops norvegicus;North Atlantic;ICES;VI Fuctional unit 11;No;-;-;0%;O;2%
FR;2015;Nephrops norvegicus;North Atlantic;ICES;VI Fuctional unit 12;No;-;-;0%;O;2%
FR;2015;Nephrops norvegicus;North Atlantic;ICES;VI Fuctional unit 13;No;-;-;0%;O;2%
FR;2015;Nephrops norvegicus;North Atlantic;ICES;VII Functional unit 14;No;-;-;0%;O;-
FR;2015;Nephrops norvegicus;North Atlantic;ICES;VII Functional unit 15;No;-;-;0%;O;-
FR;2015-2017;Nephrops norvegicus;North Atlantic;ICES;VII Functional unit 16 (TAC FU16);No;14;19%;3%;O;-
FR;2015;Nephrops norvegicus;North Atlantic;ICES;VII Functional unit 17;No;-;-;0%;O;-
FR;2015-2017;Nephrops norvegicus;North Atlantic;ICES;VII Functional unit 18 (TAC VII);No;-;24%;0%;O;-
FR;2015-2017;Nephrops norvegicus;North Atlantic;ICES;VII Functional unit 19 (TAC VII);Yes;307;24%;3%;M;-
FR;2015-2017;Nephrops norvegicus;North Atlantic;ICES;VII Functional unit 20-21 (TAC VII);Yes;406;24%;3%;M;-
FR;2015;Nephrops norvegicus;North Atlantic;ICES;VII Functional unit 22;No;-;-;0%;O;-
FR;2015;Nephrops norvegicus;North Atlantic;ICES;VIII, IX Functional unit 23, 24;Yes;3881;-;48%;M;-
FR;2015;Nephrops norvegicus;North Atlantic;ICES;VIII, IX Functional unit 25, 31;No;1;-;2%;O;-
FR;2015;Nephrops norvegicus;North Atlantic;ICES;VIII, IX Functional unit 26-27, 28-29, 30;-;-;-;-;-;-
FR;2015-2017;Octopus vulgaris;North Atlantic;ICES;all areas, excluding VIIIc, IXa;No;106;-;34%;O;-
FR;2015-2017;Octopus vulgaris;North Atlantic;ICES;VIIIc, IXa;No;1;-;0%;O;-
FR;2015-2017;Pagellus bogaraveo;North Atlantic;ICES;IXa, X;-;-;-;-;-;-
FR;2015-2017;Pandalus spp.;North Atlantic;ICES;all areas;-;-;-;-;-;-
FR;2015-2017;Parapenaeus longirostris;North Atlantic;ICES;IXa;-;-;-;-;-;-
FR;2015-2017;Phycis blennoides;North Atlantic;ICES;all areas;Yes;471;16%;16%;M;-
FR;2015-2017;Phycis phycis;North Atlantic;ICES;all areas;-;-;-;-;-;-
FR;2015-2017;Pleuronectes platessa;North Atlantic;ICES;VIIa;No;-;1%;0%;O;4%
FR;2015-2017;Pleuronectes platessa;North Atlantic;ICES;VIIe;Yes;214;55%;6%;M;-
FR;2015-2017;Pleuronectes platessa;North Atlantic;ICES;VIIfg;No;110;24%;13%;O;-
FR;2015-2017;Pleuronectes platessa;North Atlantic;ICES;VIIbc;No;9;15%;17%;O;-
FR;2015-2017;Pleuronectes platessa;North Atlantic;ICES;VIIh-k;No;52;12%;25%;O;-
FR;2015-2017;Pleuronectes platessa;North Atlantic;ICES;VIII, IX, X;No;132;67%;37%;O;-
FR;2015-2017;Pollachius pollachius;North Atlantic;ICES;all areas except IX, X;Yes;2318;68%;21%;M;-
FR;2015-2017;Pollachius pollachius;North Atlantic;ICES;IX, X;-;-;-;-;-;-
FR;2015-2017;Pollachius virens;North Atlantic;ICES;Va;-;-;-;-;-;-
FR;2015-2017;Pollachius virens;North Atlantic;ICES;Vb;Yes;229;60%;15%;M;-
FR;2015-2017;Pollachius virens;North Atlantic;ICES;IV, IIIa, VI;Yes;2891;-;26%;M;-
FR;2015-2017;Pollachius virens;North Atlantic;ICES;VII, VIII;No;60;39%;4%;O;-
FR;2015-2017;Polyprion americanus;North Atlantic;ICES;X;-;-;-;-;-;-
FR;2015-2017;Psetta maxima;North Atlantic;ICES;all areas;Yes;509;-;19%;M;-
FR;2015-2017;Reinhardtius hippoglossoides;North Atlantic;ICES;V, XIV;No;22;-;0%;O;-
FR;2015-2017;Reinhardtius hippoglossoides;North Atlantic;ICES;VI;No;80;18%;11%;O;-
FR;2015-2017;Hippoglossus hippoglossus;North Atlantic;ICES;V, XIV;-;-;-;-;-;-
FR;2015-2017;Salmo salar;North Atlantic;ICES;all areas;No;3;-;52%;O;-
FR;2015-2017;Sardina pilchardus;North Atlantic;ICES;VIIIabd;Yes;15513;-;33%;M;-
FR;2015-2017;Sardina pilchardus;North Atlantic;ICES;VIIIc, IXa;No;3;-;0%;O;-
FR;2015-2017;Scomber colias;North Atlantic;ICES;VIII, IX, X;No;448;-;0%;O;-
FR;2015-2017;Scomber scombrus;North Atlantic;ICES;II, IIIa, IV, V, VI, VII, VIII, IX;No;17251;4%;2%;O;20%
FR;2015-2017;Scophthalmus rhombus;North Atlantic;ICES;all areas;Yes;399;-;21%;M;-
FR;2015-2017;Sebastes marinus;North Atlantic;ICES;ICES Sub areas V, VI, XII, XIV & NAFO SA 2 + (Div. 1F + 3K).;-;-;-;-;-;-
FR;2015-2017;Sebastes mentella;North Atlantic;ICES;ICES Sub areas V, VI, XII, XIV & NAFO SA 2 + (Div. 1F + 3K);-;-;-;-;-;-
FR;2015-2017;Sepia officinalis;North Atlantic;ICES;all areas;Yes;8039;-;38%;M;-
FR;2015-2017;Solea solea;North Atlantic;ICES;VIIa;No;-;0%;0%;O;-
FR;2015-2017;Solea solea;North Atlantic;ICES;VIIfg;No;48;6%;3%;O;9%
FR;2015-2017;Solea solea;North Atlantic;ICES;VIIbc;No;5;14%;6%;O;-
FR;2015-2017;Solea solea;North Atlantic;ICES;VIIhjk;No;75;17%;12%;O;-
FR;2015-2017;Solea solea;North Atlantic;ICES;Ixa;-;-;-;-;-;-
FR;2015-2017;Solea solea;North Atlantic;ICES;VIIIc;No;1;-;0%;O;-
FR;2015-2017;Solea solea;North Atlantic;ICES;VIIe;Yes;245;38%;13%;M;-
FR;2015-2017;Solea solea;North Atlantic;ICES;VIIIab;Yes;3268;92%;47%;M;-
FR;2015-2017;Sparidae;North Atlantic;ICES;all areas;-;-;-;-;-;-
FR;2015-2017;Trachurus mediterraneus;North Atlantic;ICES;VIII, IX;Yes;399;-;39%;M;-
FR;2015-2017;Trachurus picturatus;North Atlantic;ICES;VIII, IX, X;No;-;0%;0%;O;0%
FR;2015-2017;Trachurus trachurus;North Atlantic;ICES;IIa, IVa, Vb, VIa, VIIa-c, e-k, VIIIabde;Yes;3248;4%;3%;C;33%
FR;2015-2017;Trachurus trachurus;North Atlantic;ICES;X;-;-;-;-;-;-
FR;2015-2017;Trachurus trachurus;North Atlantic;ICES;VIIIc, IXa;No;-;0%;0%;O;0%
FR;2015-2017;Trisopterus spp.;North Atlantic;ICES;all areas;-;-;-;-;-;-
FR;2015-2017;Zeus faber;North Atlantic;ICES;all areas;Yes;1759;-;29%;M;-
FR;2015-2017;Amblyraja hyperborea;North Atlantic;ICES;all areas;-;-;-;-;-;-
FR;2015-2017;Bathyraja spinicauda;North Atlantic;ICES;all areas;-;-;-;-;-;-
FR;2015-2017;Chimaera monstrosa;North Atlantic;ICES;all areas;No;128;-;50%;O;-
FR;2015-2017;Chimaera opalescens;North Atlantic;ICES;all areas;-;-;-;-;-;-
FR;2015-2017;Dasyatis tortonesei;North Atlantic;ICES;VII, VIII;-;-;-;-;-;-
FR;2015-2017;Dipturus batis;North Atlantic;ICES;IIa, V, VI, VII, VIII, IXa;-;-;-;-;-;-
FR;2015-2017;Dipturus intermedia;North Atlantic;ICES;IIa, V, VI, VII, VIII, IXa;-;-;-;-;-;-
FR;2015-2017;Dipturus nidarosiensis;North Atlantic;ICES;VI, VIIa-c, VIIe-h, VIIk;-;-;-;-;-;-
FR;2015-2017;Isurus oxyrinchus;North Atlantic;ICES;;No;2;-;0%;O;-
FR;2015-2017;Galeorhinus galeus;North Atlantic;ICES;all areas;Yes;284;-;34%;M;-
FR;2015-2017;Harriotta raleighana;North Atlantic;ICES;all areas;-;-;-;-;-;-
FR;2015-2017;Hexanchus griseus;North Atlantic;ICES;all areas;-;-;-;-;-;-
FR;2015-2017;Hydrolagus mirabilis;North Atlantic;ICES;all areas;-;-;-;-;-;-
FR;2015-2017;Isurus oxyrinchus;North Atlantic;ICES;all areas (North of 5?N);No;2;-;0%;O;-
FR;2015-2017;Lamna nasus;North Atlantic;ICES;all areas (subareas 1-14);-;-;-;-;-;-
FR;2015-2017;Myliobatis aquila;North Atlantic;ICES;all areas;No;6;-;12%;O;-
FR;2015-2017;Prionace glauca;North Atlantic;ICES;All areas (North of 5?N);No;289;-;1%;O;-
FR;2015-2017;Rajella kukujevi;North Atlantic;ICES;All areas;-;-;-;-;-;-
FR;2015-2017;Rajella lintea;North Atlantic;ICES;All areas;-;-;-;-;-;-
FR;2015-2017;Rhinochimaera atlantica;North Atlantic;ICES;V, XIV;-;-;-;-;-;-
FR;2015-2017;Scyliorhinus canicula;North Atlantic;ICES;VI, VIIa-c, VIIe-j, VIIIa-d, IXa;Yes;2659;-;26%;M;-
FR;2015-2017;Scyliorhinus stellaris;North Atlantic;ICES;VI, VII;No;127;-;35%;O;-
FR;2015-2017;Squalus acanthias;North Atlantic;ICES;All areas;-;-;-;-;-;-
FR;2015-2017;Torpedo marmorata;North Atlantic;ICES;all areas;No;17;-;32%;O;-
FR;2015-2017;Dalatias licha;North Atlantic;ICES;All areas;-;-;-;-;-;-
FR;2015-2017;Dasyatis pastinaca;North Atlantic;ICES;VII, VIII;No;6;-;55%;O;-
FR;2015-2017;Deania calcea;North Atlantic;ICES;V, VI, VII, IX, X, XII;-;-;-;-;-;-
FR;2015-2017;Etmopterus spinax;North Atlantic;ICES;VI, VII, VIII;No;1;-;96%;O;-
FR;2015-2017;Mustelus asterias;North Atlantic;ICES;VI, VII, VIII, IX;-;-;-;-;-;-
FR;2015-2017;Mustelus mustelus;North Atlantic;ICES;VI, VII, VIII, IX;-;-;-;-;-;-
FR;2015-2017;Mustelus punctulatus;North Atlantic;ICES;VI, VII, VIII, IX;-;-;-;-;-;-
FR;2015-2017;Rostroraja alba;North Atlantic;ICES;All areas;-;-;-;-;-;-
FR;2015-2017;Raja asterias;North Atlantic;ICES;All areas;-;-;-;-;-;-
FR;2015-2017;Raja brachyura;North Atlantic;ICES;VI, VIIa, VIIe-g, IXa;Yes;510;-;14%;M;-
FR;2015-2017;Leucoraja circularis;North Atlantic;ICES;VI, VII, VIII ;-;-;-;-;-;-
FR;2015-2017;Raja clavata;North Atlantic;ICES;VI, VIIa,e-g, VIII, IXa;No;300;-;6%;O;-
FR;2015-2017;Leucoraja fullonica;North Atlantic;ICES;All areas;-;-;-;-;-;-
FR;2015-2017;Rajella fyllae;North Atlantic;ICES;All areas;-;-;-;-;-;-
FR;2015-2017;Amblyraja hyperborea;North Atlantic;ICES;All areas;-;-;-;-;-;-
FR;2015-2017;Raja microocellata;North Atlantic;ICES;VIIe-g;No;33;-;17%;O;-
FR;2015-2017;Raja montagui;North Atlantic;ICES;VI, VIIa,VIIb, VIIe-h,j, VIII, IXa;Yes;821;-;35%;M;-
FR;2015-2017;Leucoraja naevus;North Atlantic;ICES;VI, VIIa-c, IXa;-;-;-;-;-;-
FR;2015-2017;Amblyraja radiata;North Atlantic;ICES;all areas;-;-;-;-;-;-
FR;2015-2017;Raja undulata;North Atlantic;ICES;VIIb-c, VIIe-j, VIIIa-c, IXa;No;57;-;23%;O;-
FR;2015-2017;Rajiformes;North Atlantic;ICES;All areas;Yes;295;-;32%;M;-
FR;2015-2017;Centrophorus squamosus;North Atlantic;ICES;All Regions;No;9;-;59%;O;-
FR;2015-2017;Cetorhinus maximus;North Atlantic;ICES;All Regions;-;-;-;-;-;-
FR;2015-2017;Galeus melastomus;North Atlantic;ICES;VI, VII;-;-;-;-;-;-
FR;2015;Anguilla anguilla;Mediterranean and Black Sea;GFCM;all areas in the Med;Yes;276;-;90%;M;-
FR;2015;Aristeomorpha foliacea;Mediterranean and Black Sea;GFCM;all areas in the Med;-;-;-;-;-;-
FR;2015;Aristeus antennatus;Mediterranean and Black Sea;GFCM;all areas in the Med;-;-;-;-;-;-
FR;2015;Boops boops;Mediterranean and Black Sea;GFCM;1.3, 2.1, 2.2, 3.1, 3.2;-;-;-;-;-;-
FR;2015;Coryphaena equiselis;Mediterranean and Black Sea;GFCM;all areas in the Med;-;-;-;-;-;-
FR;2015;Coryphaena hippurus;Mediterranean and Black Sea;GFCM;all areas in the Med;-;-;-;-;-;-
FR;2015;Dicentrarchus labrax;Mediterranean and Black Sea;GFCM;all areas in the Med;No;177;-;31%;O;-
FR;2015;Eledone cirrhosa;Mediterranean and Black Sea;GFCM;1.1, 1.3, 2.1, 2.2, 3.1;-;-;-;-;-;-
FR;2015;Eledone moschata;Mediterranean and Black Sea;GFCM;1.3, 2.1, 2.2, 3.1;-;-;-;-;-;-
FR;2015;Engraulis encrasicolus;Mediterranean and Black Sea;GFCM;all areas in the Med;No;366;-;1%;O;-
FR;2015;Engraulis encrasicolus;Mediterranean and Black Sea;GFCM;Black Sea GSA 29;-;-;-;-;-;-
FR;2015;Eutrigla gurnardus;Mediterranean and Black Sea;GFCM;2.2, 3.1;-;-;-;-;-;-
FR;2015;Illex spp., Todarodes spp.;Mediterranean and Black Sea;GFCM;all areas in the Med;No;169;-;4%;O;-
FR;2015;Istiophoridae;Mediterranean and Black Sea;GFCM;all areas in the Med;-;-;-;-;-;-
FR;2015;Loligo vulgaris;Mediterranean and Black Sea;GFCM;all areas in the Med;No;144;-;6%;O;-
FR;2015;Lophius budegassa;Mediterranean and Black Sea;GFCM;1.1, 1.2, 1.3, 2.2, 3.1;-;-;-;-;-;-
FR;2015;Lophius piscatorius;Mediterranean and Black Sea;GFCM;1.1, 1.2, 1.3, 2.2, 3.1;-;-;-;-;-;-
FR;2015;Merlangius merlangus;Mediterranean and Black Sea;GFCM;Black Sea GSA 29;-;-;-;-;-;-
FR;2015;Merluccius merluccius;Mediterranean and Black Sea;GFCM;all areas in the Med;-;-;-;-;-;-
FR;2015;Micromesistius poutassou;Mediterranean and Black Sea;GFCM;1.1, 3.1;-;-;-;-;-;-
FR;2015;Mugilidae;Mediterranean and Black Sea;GFCM;1.3, 2.1, 2.2, 3.1;-;-;-;-;-;-
FR;2015;Mullus barbatus;Mediterranean and Black Sea;GFCM;all areas in the Med;-;-;-;-;-;-
FR;2015;Mullus barbatus;Mediterranean and Black Sea;GFCM;Black Sea GSA 29;-;-;-;-;-;-
FR;2015;Mullus surmuletus;Mediterranean and Black Sea;GFCM;all areas in the Med;No;306;-;8%;O;-
FR;2015;Octopus vulgaris;Mediterranean and Black Sea;GFCM;all areas in the Med;No;579;-;7%;O;-
FR;2015;Nephrops norvegicus;Mediterranean and Black Sea;GFCM;all areas in the Med;No;9;-;0%;O;-
FR;2015;Pagellus erythrinus;Mediterranean and Black Sea;GFCM;all areas in the Med;No;116;-;5%;O;-
FR;2015;Parapenaeus longirostris;Mediterranean and Black Sea;GFCM;all areas in the Med;No;5;-;0%;O;-
FR;2015;Penaeus kerathurus;Mediterranean and Black Sea;GFCM;3,1;-;-;-;-;-;-
FR;2015;Psetta maxima;Mediterranean and Black Sea;GFCM;Black Sea GSA 29;-;-;-;-;-;-
FR;2015;Sardina pilchardus;Mediterranean and Black Sea;GFCM;all areas in the Med;No;116;-;0%;O;-
FR;2015;Scomber spp.;Mediterranean and Black Sea;GFCM;all areas in the Med;No;651;-;8%;O;-
FR;2015;Sepia officinalis;Mediterranean and Black Sea;GFCM;all areas in the Med;No;84;-;1%;O;-
FR;2015;Solea vulgaris;Mediterranean and Black Sea;GFCM;1.2, 2.1, 3.1;-;-;-;-;-;-
FR;2015;Sparus aurata;Mediterranean and Black Sea;GFCM;1.2, 3.1;-;-;-;-;-;-
FR;2015;Spicara smaris;Mediterranean and Black Sea;GFCM;2.1, 3.1, 3.2;-;-;-;-;-;-
FR;2015;Sprattus sprattus;Mediterranean and Black Sea;GFCM;Black Sea GSA 29;-;-;-;-;-;-
FR;2015;Squilla mantis;Mediterranean and Black Sea;GFCM;1.3, 2.1, 2.2;-;-;-;-;-;-
FR;2015;Trachurus mediterraneus;Mediterranean and Black Sea;GFCM;All areas in the Med;No;4;-;0%;O;-
FR;2015;Trachurus mediterraneus;Mediterranean and Black Sea;GFCM;Black Sea GSA 29;-;-;-;-;-;-
FR;2015;Trachurus trachurus;Mediterranean and Black Sea;GFCM;all areas in the Med;No;291;-;5%;O;-
FR;2015;Trachurus trachurus;Mediterranean and Black Sea;GFCM;Black Sea GSA 29;-;-;-;-;-;-
FR;2015;Trigla lucerna;Mediterranean and Black Sea;GFCM;1.3, 2.2, 3.1;-;-;-;-;-;-
FR;2015;Veneridae;Mediterranean and Black Sea;GFCM;2.1, 2.2;-;-;-;-;-;-
FR;2015;Aphia minuta;Mediterranean and Black Sea;GFCM;GSA 9,10,16 and 19;-;-;-;-;-;-
FR;2015;Atherina spp;Mediterranean and Black Sea;GFCM;GSA 9,10,16 and 19;-;-;-;-;-;-
FR;2015;Trisopterus minutus;Mediterranean and Black Sea;GFCM;All Regions;-;-;-;-;-;-
FR;2015;Alopias vulpinus;Mediterranean and Black Sea;GFCM;All Regions;-;-;-;-;-;-
FR;2015;Carcharhinidae;Mediterranean and Black Sea;GFCM;All Regions;-;-;-;-;-;-
FR;2015;Centrophorus granulosus;Mediterranean and Black Sea;GFCM;All Regions;-;-;-;-;-;-
FR;2015;Centrophorus squamosus;Mediterranean and Black Sea;GFCM;All Regions;-;-;-;-;-;-
FR;2015;Centrophorus uyato;Mediterranean and Black Sea;GFCM;All Regions;-;-;-;-;-;-
FR;2015;Cetorhinus maximus;Mediterranean and Black Sea;GFCM;All Regions;-;-;-;-;-;-
FR;2015;Dalatias licha;Mediterranean and Black Sea;GFCM;All Regions;-;-;-;-;-;-
FR;2015;Dasyatidae;Mediterranean and Black Sea;GFCM;All Regions;-;-;-;-;-;-
FR;2015;Dasyatis pastinaca;Mediterranean and Black Sea;GFCM;All Regions;-;-;-;-;-;-
FR;2015;Elasmobranchii;Mediterranean and Black Sea;GFCM;All Regions;-;-;-;-;-;-
FR;2015;Etmopterus spinax;Mediterranean and Black Sea;GFCM;All Regions;-;-;-;-;-;-
FR;2015;Galeorhinus galeus;Mediterranean and Black Sea;GFCM;All Regions;-;-;-;-;-;-
FR;2015;Galeus melastomus;Mediterranean and Black Sea;GFCM;All Regions;-;-;-;-;-;-
FR;2015;Galeus spp.;Mediterranean and Black Sea;GFCM;All Regions;-;-;-;-;-;-
FR;2015;Heptranchias perlo;Mediterranean and Black Sea;GFCM;All Regions;-;-;-;-;-;-
FR;2015;Hexanchus griseus;Mediterranean and Black Sea;GFCM;All Regions;-;-;-;-;-;-
FR;2015;Isurus oxyrinchus;Mediterranean and Black Sea;GFCM;All Regions;-;-;-;-;-;-
FR;2015;Lamna nasus;Mediterranean and Black Sea;GFCM;All Regions;-;-;-;-;-;-
FR;2015;Mustelus asterias;Mediterranean and Black Sea;GFCM;All Regions;-;-;-;-;-;-
FR;2015;Mustelus mustelus;Mediterranean and Black Sea;GFCM;All Regions;-;-;-;-;-;-
FR;2015;Mustelus spp.;Mediterranean and Black Sea;GFCM;All Regions;-;-;-;-;-;-
FR;2015;Myliobatis aquila;Mediterranean and Black Sea;GFCM;All Regions;-;-;-;-;-;-
FR;2015;Oxynotus centrina;Mediterranean and Black Sea;GFCM;All Regions;-;-;-;-;-;-
FR;2015;Prionace glauca;Mediterranean and Black Sea;GFCM;All Regions;-;-;-;-;-;-
FR;2015;Rostroraja alba;Mediterranean and Black Sea;GFCM;All Regions;-;-;-;-;-;-
FR;2015;Raja asterias;Mediterranean and Black Sea;GFCM;All Regions;-;-;-;-;-;-
FR;2015;Dipturus batis;Mediterranean and Black Sea;GFCM;All Regions;-;-;-;-;-;-
FR;2015;Raja brachyura;Mediterranean and Black Sea;GFCM;All Regions;-;-;-;-;-;-
FR;2015;Leucoraja circularis;Mediterranean and Black Sea;GFCM;All Regions;-;-;-;-;-;-
FR;2015;Raja clavata;Mediterranean and Black Sea;GFCM;All Regions;-;-;-;-;-;-
FR;2015;Leucoraja fullonica;Mediterranean and Black Sea;GFCM;All Regions;-;-;-;-;-;-
FR;2015;Raja melitensis;Mediterranean and Black Sea;GFCM;All Regions;-;-;-;-;-;-
FR;2015;Raja microocellata;Mediterranean and Black Sea;GFCM;All Regions;-;-;-;-;-;-
FR;2015;Raja miraletus;Mediterranean and Black Sea;GFCM;All Regions;-;-;-;-;-;-
FR;2015;Raja montagui;Mediterranean and Black Sea;GFCM;All Regions;-;-;-;-;-;-
FR;2015;Leucoraja naevus;Mediterranean and Black Sea;GFCM;All Regions;-;-;-;-;-;-
FR;2015;Isurus oxyrinchus;Mediterranean and Black Sea;GFCM;All Regions;-;-;-;-;-;-
FR;2015;Raja polystigma;Mediterranean and Black Sea;GFCM;All Regions;-;-;-;-;-;-
FR;2015;Raja radula;Mediterranean and Black Sea;GFCM;All Regions;-;-;-;-;-;-
FR;2015;Raja spp.;Mediterranean and Black Sea;GFCM;All Regions;-;-;-;-;-;-
FR;2015;Raja undulata;Mediterranean and Black Sea;GFCM;All Regions;-;-;-;-;-;-
FR;2015;Scyliorhinus canicula;Mediterranean and Black Sea;GFCM;All Regions;-;-;-;-;-;-
FR;2015;Scyliorhinus spp.;Mediterranean and Black Sea;GFCM;All Regions;-;-;-;-;-;-
FR;2015;Scyliorhinus stellaris;Mediterranean and Black Sea;GFCM;All Regions;-;-;-;-;-;-
FR;2015;Sphyrna spp.;Mediterranean and Black Sea;GFCM;All Regions;-;-;-;-;-;-
FR;2015;Squalus acanthias;Mediterranean and Black Sea;GFCM;All Regions;-;-;-;-;-;-
FR;2015;Squalus blainville;Mediterranean and Black Sea;GFCM;All Regions;-;-;-;-;-;-
FR;2015;Squalus spp.;Mediterranean and Black Sea;GFCM;All Regions;-;-;-;-;-;-
FR;2015;Squatina squatina;Mediterranean and Black Sea;GFCM;All Regions;-;-;-;-;-;-
FR;2015;Torpedo marmorata;Mediterranean and Black Sea;GFCM;All Regions;-;-;-;-;-;-
FR;2015;Torpedo spp.;Mediterranean and Black Sea;GFCM;All Regions;-;-;-;-;-;-
FR;2015;Triakidae;Mediterranean and Black Sea;GFCM;All Regions;-;-;-;-;-;-
FR;2015-2017;Lutjanus purpureus;Other regions;COPACO;French Guyana;-;-;-;-;-;-
FR;2015-2017;Farfantepenaeus subtilis;Other regions;COPACO;French Guyana;-;-;-;-;-;-
FR;2015-2017;Cynoscion acoupa;Other regions;COPACO;French Guyana;-;-;-;-;-;-
FR;2015-2017;Cynoscion steindachneri;Other regions;COPACO;French Guyana;-;-;-;-;-;-
FR;2015-2017;Cynoscion virescens;Other regions;COPACO;French Guyana;-;-;-;-;-;-
FR;2015-2017;Ariidae;Other regions;COPACO;French Guyana;-;-;-;-;-;-
FR;2015-2017;Lobotes surinamensis;Other regions;COPACO;French Guyana;-;-;-;-;-;-
FR;2015-2017;Genyatremus luteus;Other regions;COPACO;French Guyana;-;-;-;-;-;-
FR;2015-2017;Centropomus spp.;Other regions;COPACO;French Guyana;-;-;-;-;-;-
FR;2015-2017;Serranidae;Other regions;COPACO;Guadeloupe and Martinique;-;-;-;-;-;-
FR;2015-2017;Mugil spp.;Other regions;COPACO;Guadeloupe and Martinique;-;-;-;-;-;-
FR;2015-2017;Lutjanidae;Other regions;COPACO;Guadeloupe and Martinique;-;-;-;-;-;-
FR;2015-2017;Haemulidae;Other regions;COPACO;Guadeloupe and Martinique;-;-;-;-;-;-
FR;2015-2017;Serranidae;Other regions;COPACO;Guadeloupe and Martinique;-;-;-;-;-;-
FR;2015-2017;Pterois volitans;Other regions;COPACO;Guadeloupe and Martinique;-;-;-;-;-;-
FR;2015-2017;Scombridae;Other regions;COPACO;Guadeloupe and Martinique;-;-;-;-;-;-
FR;2015-2017;Makaira nigricans;Other regions;COPACO;Guadeloupe and Martinique;-;-;-;-;-;-
FR;2015-2017;Coryphaena hippurus;Other regions;COPACO;Guadeloupe and Martinique;-;-;-;-;-;-
FR;2015-2017;Lutjanidae;Other regions;COPACO;Guadeloupe and Martinique;-;-;-;-;-;-
FR;2015-2017;Serranidae;Other regions;COPACO;Guadeloupe and Martinique;-;-;-;-;-;-
FR;2015-2017;Scombridae;Other regions;COPACO;Guadeloupe and Martinique;-;-;-;-;-;-
FR;2015-2017;Xiphias gladius;Other regions;COPACO;Guadeloupe and Martinique;-;-;-;-;-;-
FR;2015-2017;Istiophoridae;Other regions;COPACO;Guadeloupe and Martinique;-;-;-;-;-;-
FR;2015-2017;Coryphaena hippurus;Other regions;COPACO;Guadeloupe and Martinique;-;-;-;-;-;-
FR;2015-2017;Selar crumenophthalmus;Other regions;COPACO;Guadeloupe and Martinique;-;-;-;-;-;-
FR;2015-2017;Scomber colias;Other regions;;Azores, Madeira and Canary Islands;-;-;-;-;-;-
FR;2015-2017;Sardinella maderensis;Other regions;;Azores, Madeira and Canary Islands;-;-;-;-;-;-
FR;2015-2017;Trachurus spp.;Other regions;;Azores, Madeira and Canary Islands;-;-;-;-;-;-
FR;2015-2017;Sardina pilchardus;Other regions;;Azores, Madeira and Canary Islands;-;-;-;-;-;-
FR;2015-2017;Sparisoma cretense;Other regions;;Azores, Madeira and Canary Islands;-;-;-;-;-;-
FR;2015-2017;Patellidae;Other regions;;Azores, Madeira and Canary Islands;-;-;-;-;-;-
FR;2015-2017;Thunnus albacares;Other regions;IATTC;East Pacific Ocean;-;-;-;-;-;-
FR;2015-2017;Thunnus obesus;Other regions;IATTC;East Pacific Ocean;-;-;-;-;-;-
FR;2015-2017;Katsuwonus pelamis;Other regions;IATTC;East Pacific Ocean;-;-;-;-;-;-
FR;2015-2017;Thunnus alalunga;Other regions;IATTC;East Pacific Ocean;-;-;-;-;-;-
FR;2015-2017;Thunnus orientalis;Other regions;IATTC;East Pacific Ocean;-;-;-;-;-;-
FR;2015-2017;Xiphias gladius;Other regions;IATTC;East Pacific Ocean;-;-;-;-;-;-
FR;2015-2017;Makaira nigricans (or mazara);Other regions;IATTC;East Pacific Ocean;-;-;-;-;-;-
FR;2015-2017;Makaira indica;Other regions;IATTC;East Pacific Ocean;-;-;-;-;-;-
FR;2015-2017;Tetrapturus audax;Other regions;IATTC;East Pacific Ocean;-;-;-;-;-;-
FR;2015-2017;Thunnus albacares;Other regions;ICCAT;Atlantic Ocean and adjacent seas;-;-;-;-;-;-
FR;2015-2017;Thunnus obesus;Other regions;ICCAT;Atlantic Ocean and adjacent seas;No;123;-;2%;O;-
FR;2015-2017;Katsuwonus pelamis;Other regions;ICCAT;Atlantic Ocean and adjacent seas;No;4;-;0%;O;-
FR;2015-2017;Thunnus alalunga;Other regions;ICCAT;Atlantic Ocean and adjacent seas;Yes;3787;-;11%;M;-
FR;2015-2017;Thunnus thynnus;Other regions;ICCAT;Atlantic Ocean and adjacent seas;Yes;324;-;13%;M;-
FR;2015-2017;Xiphias gladius;Other regions;ICCAT;Atlantic Ocean and adjacent seas;No;79;-;1%;O;-
FR;2015-2017;Makaira nigricans (or mazara);Other regions;ICCAT;Atlantic Ocean and adjacent seas;-;-;-;-;-;-
FR;2015-2017;Istiophorus albicans;Other regions;ICCAT;Atlantic Ocean and adjacent seas;-;-;-;-;-;-
FR;2015-2017;Tetrapturus albidus;Other regions;ICCAT;Atlantic Ocean and adjacent seas;-;-;-;-;-;-
FR;2015-2017;Prionace glauca;Other regions;ICCAT;Atlantic Ocean and adjacent seas;No;289;-;1%;O;-
FR;2015-2017;Auxis rochei;Other regions;ICCAT;Atlantic Ocean and adjacent seas;-;-;-;-;-;-
FR;2015-2017;Sarda sarda;Other regions;ICCAT;Atlantic Ocean and adjacent seas;No;374;-;8%;O;-
FR;2015-2017;Euthynnus alleteratus;Other regions;ICCAT;Atlantic Ocean and adjacent seas;-;-;-;-;-;-
FR;2015-2017;Thunnus atlanticus;Other regions;ICCAT;Atlantic Ocean and adjacent seas;-;-;-;-;-;-
FR;2015-2017;Orcynopsis unicolor;Other regions;ICCAT;Atlantic Ocean and adjacent seas;-;-;-;-;-;-
FR;2015-2017;Scomberomorus brasiliensis;Other regions;ICCAT;Atlantic Ocean and adjacent seas;-;-;-;-;-;-
FR;2015-2017;Scomberomorus regalis;Other regions;ICCAT;Atlantic Ocean and adjacent seas;-;-;-;-;-;-
FR;2015-2017;Auxis thazard;Other regions;ICCAT;Atlantic Ocean and adjacent seas;No;4;-;2%;O;-
FR;2015-2017;Scomberomorus cavalla;Other regions;ICCAT;Atlantic Ocean and adjacent seas;-;-;-;-;-;-
FR;2015-2017;Scomberomorus tritor;Other regions;ICCAT;Atlantic Ocean and adjacent seas;-;-;-;-;-;-
FR;2015-2017;Scomberomorus maculatus;Other regions;ICCAT;Atlantic Ocean and adjacent seas;-;-;-;-;-;-
FR;2015-2017;Acanthocybium solandri;Other regions;ICCAT;Atlantic Ocean and adjacent seas;-;-;-;-;-;-
FR;2015-2017;Coryphaena hippurus;Other regions;ICCAT;Atlantic Ocean and adjacent seas;-;-;-;-;-;-
FR;2015-2017;Gadus morhua;Other regions;NAFO;NAFO 2J 3KL;-;-;-;-;-;-
FR;2015-2017;Gadus morhua;Other regions;NAFO;NAFO 3M;-;-;-;-;-;-
FR;2015-2017;Gadus morhua;Other regions;NAFO;NAFO 3NO;-;-;-;-;-;-
FR;2015-2017;Gadus morhua;Other regions;NAFO;NAFO 3Ps;-;-;-;-;-;-
FR;2015-2017;Gadus morhua;Other regions;NAFO;NAFO SA1;-;-;-;-;-;-
FR;2015-2017;Glyptocephalus cynoglossus;Other regions;NAFO;NAFO 3NO;-;-;-;-;-;-
FR;2015-2017;Glyptocephalus cynoglossus;Other regions;NAFO;NAFO 2J3KL;-;-;-;-;-;-
FR;2015-2017;Hippoglossoides platessoides;Other regions;NAFO;NAFO 3LNO;-;-;-;-;-;-
FR;2015-2017;Hippoglossoides platessoides;Other regions;NAFO;NAFO 3M;-;-;-;-;-;-
FR;2015-2017;Limanda ferruginea;Other regions;NAFO;NAFO 3LNO;-;-;-;-;-;-
FR;2015-2017;Coryphaenoides rupestris;Other regions;NAFO;NAFO SA0 + 1;-;-;-;-;-;-
FR;2015-2017;Macrourus berglax;Other regions;NAFO;NAFO SA2 + 3;-;-;-;-;-;-
FR;2015-2017;Pandalus borealis;Other regions;NAFO;NAFO 3LNO;-;-;-;-;-;-
FR;2015-2017;Pandalus borealis;Other regions;NAFO;NAFO 3M;-;-;-;-;-;-
FR;2015-2017;Amblyraja radiata;Other regions;NAFO;NAFO 3LNOPs;-;-;-;-;-;-
FR;2015-2017;Reinhardtius hippoglossoides;Other regions;NAFO;NAFO 3KLMNO;-;-;-;-;-;-
FR;2015-2017;Reinhardtius hippoglossoides;Other regions;NAFO;NAFO SA1;-;-;-;-;-;-
FR;2015-2017;Hippoglossus hippoglossus;Other regions;NAFO;NAFO SA1;-;-;-;-;-;-
FR;2015-2017;Sebastes mentella;Other regions;NAFO;NAFO SA1;-;-;-;-;-;-
FR;2015-2017;Sebastes spp.;Other regions;NAFO;NAFO 3LN;-;-;-;-;-;-
FR;2015-2017;Sebastes spp.;Other regions;NAFO;NAFO 3M;-;-;-;-;-;-
FR;2015-2017;Sebastes spp.;Other regions;NAFO;NAFO 3O;-;-;-;-;-;-
FR;2015-2017;Urophycis tenuis;Other regions;NAFO;NAFO 3NO;-;-;-;-;-;-
FR;2015-2017;Mallotus villosus;Other regions;NAFO;NAFO 3NO;-;-;-;-;-;-
FR;2015-2017;Beryx sp.;Other regions;NAFO;NAFO 6G;-;-;-;-;-;-
FR;2015-2017;Illex illecebrosus;Other regions;NAFO;NAFO Subareas 3 + 4;-;-;-;-;-;-
FR;2015-2017;Salmo salar;Other regions;NAFO;NAFO S1 + ICES Sub- area XIV, NEAF, NASCO;-;-;-;-;-;-
FR;2015-2017;Brachydeuterus spp.;Other regions;CECAF;34.1.3, 34.3.1, 34.3.3-6;-;-;-;-;-;-
FR;2015-2017;Caranx spp.;Other regions;CECAF;34.3.1, 34.3.3-6;-;-;-;-;-;-
FR;2015-2017;Cynoglossus spp.;Other regions;CECAF;34.1.1, 34.1.3, 34.3.1,34.3.3-6;-;-;-;-;-;-
FR;2015-2017;Decapterus spp.;Other regions;CECAF;34.3.1, 34.3.3-6;-;-;-;-;-;-
FR;2015-2017;Dentex canariensis;Other regions;CECAF;34.1.1, 34.1.3, 34.3.1,34.3.3-6;-;-;-;-;-;-
FR;2015-2017;Dentex congoensis;Other regions;CECAF;34.1.1, 34.1.3, 34.3.1,34.3.3-6;-;-;-;-;-;-
FR;2015-2017;Dentex macrophthalmus;Other regions;CECAF;34.1.1, 34.1.3, 34.3.1,34.3.3-6;-;-;-;-;-;-
FR;2015-2017;Dentex maroccanus;Other regions;CECAF;34.1.1, 34.1.3, 34.3.1,34.3.3-6;-;-;-;-;-;-
FR;2015-2017;Dentex spp.;Other regions;CECAF;34.1.1, 34.1.3, 34.3.1,34.3.3-6;-;-;-;-;-;-
FR;2015-2017;Engraulis encrasicolus;Other regions;CECAF;34.1.1, 34.1.3, 34.3.1,34.3.3-6;-;-;-;-;-;-
FR;2015-2017;Epinephelus aeneus;Other regions;CECAF;34.1.3, 34.3.1, 34.3.3-6;-;-;-;-;-;-
FR;2015-2017;Ethmalosa fimbriata;Other regions;CECAF;34.3.1, 34.3.3-6;-;-;-;-;-;-
FR;2015-2017;Farfantepenaeus notialis;Other regions;CECAF;34.1.1, 34.1.3, 34.3.1,34.3.3-6;-;-;-;-;-;-
FR;2015-2017;Galeoides decadactylus;Other regions;CECAF;34.1.3, 34.3.1, 34.3.3-6;-;-;-;-;-;-
FR;2015-2017;Loligo vulgaris;Other regions;CECAF;34.1.1, 34.1.3, 34.3.1,34.3.3-6;-;-;-;-;-;-
FR;2015-2017;Merluccius polli;Other regions;CECAF;34.1.1, 34.1.3, 34.3.1,34.3.3-6;-;-;-;-;-;-
FR;2015-2017;Merluccius senegalensis;Other regions;CECAF;34.1.1, 34.1.3, 34.3.1,34.3.3-6;-;-;-;-;-;-
FR;2015-2017;Merluccius spp.;Other regions;CECAF;34.1.1, 34.1.3, 34.3.1,34.3.3-6;-;-;-;-;-;-
FR;2015-2017;Octopus vulgaris;Other regions;CECAF;34.1.1, 34.1.3, 34.3.1,34.3.3-6;-;-;-;-;-;-
FR;2015-2017;Pagellus acarne;Other regions;CECAF;34.1.1;-;-;-;-;-;-
FR;2015-2017;Pagellus bellottii;Other regions;CECAF;34.1.1, 34.1.3, 34.3.1,34.3.3-6;-;-;-;-;-;-
FR;2015-2017;Pagellus bogaraveo;Other regions;CECAF;34.1.1;-;-;-;-;-;-
FR;2015-2017;Pagellus spp.;Other regions;CECAF;34.1.1, 34.1.3, 34.3.1,34.3.3-6;-;-;-;-;-;-
FR;2015-2017;Pagrus caeruleostictus;Other regions;CECAF;34.1.1, 34.1.3, 34.3.1,34.3.3-6;-;-;-;-;-;-
FR;2015-2017;Parapenaeus longirostris;Other regions;CECAF;34.1.1, 34.1.3, 34.3.1,34.3.3-6;-;-;-;-;-;-
FR;2015-2017;Pomadasys incisus;Other regions;CECAF;34.1.1;-;-;-;-;-;-
FR;2015-2017;Pomadasys spp.;Other regions;CECAF;34.1.1, 34.1.3, 34.3.1,34.3.3-6;-;-;-;-;-;-
FR;2015-2017;Pseudotolithus spp.;Other regions;CECAF;34.1.1;-;-;-;-;-;-
FR;2015-2017;Sardina pilchardus;Other regions;CECAF;34.1.1, 34.1.3;-;-;-;-;-;-
FR;2015-2017;Sardinella aurita;Other regions;CECAF;34.1.1, 34.1.3, 34.3.1,34.3.3-6;-;-;-;-;-;-
FR;2015-2017;Sardinella maderensis;Other regions;CECAF;34.1.1, 34.1.3, 34.3.1,34.3.3-6;-;-;-;-;-;-
FR;2015-2017;Scomber japonicus;Other regions;CECAF;34.1.1, 34.1.3, 34.3.1,34.3.3-6;-;-;-;-;-;-
FR;2015-2017;Scomber spp.;Other regions;CECAF;34.1.1, 34.1.3, 34.3.1,34.3.3-6;-;-;-;-;-;-
FR;2015-2017;Sepia hierredda;Other regions;CECAF;34.1.1, 34.1.3, 34.3.1,34.3.3-6;-;-;-;-;-;-
FR;2015-2017;Sepia officinalis;Other regions;CECAF;34.1.1, 34.1.3, 34.3.1,34.3.3-6;-;-;-;-;-;-
FR;2015-2017;Sepia spp.;Other regions;CECAF;34.1.1, 34.1.3, 34.3.1,34.3.3-6;-;-;-;-;-;-
FR;2015-2017;Sparidae;Other regions;CECAF;34.1.1, 34.1.3, 34.3.1,34.3.3-6;-;-;-;-;-;-
FR;2015-2017;Sparus spp.;Other regions;CECAF;34.1.1;-;-;-;-;-;-
FR;2015-2017;Trachurus trachurus;Other regions;CECAF;34.1.1, 34.1.3, 34.3.1,34.3.3-6;-;-;-;-;-;-
FR;2015-2017;Trachurus trecae;Other regions;CECAF;34.1.1, 34.1.3, 34.3.1,34.3.3-6;-;-;-;-;-;-
FR;2015-2017;Umbrina canariensis;Other regions;CECAF;34.3.3-6;-;-;-;-;-;-
FR;2015-2017;Dissostichus eleginoides;Other regions;SEAFO;South-East Atlantic;-;-;-;-;-;-
FR;2015-2017;Beryx spp.;Other regions;SEAFO;South-East Atlantic;-;-;-;-;-;-
FR;2015-2017;Chaceon spp.;Other regions;SEAFO;South-East Atlantic;-;-;-;-;-;-
FR;2015-2017;Pseudopentaceros richardsoni;Other regions;SEAFO;South-East Atlantic;-;-;-;-;-;-
FR;2015-2017;Helicolenus spp.;Other regions;SEAFO;South-East Atlantic;-;-;-;-;-;-
FR;2015-2017;Hoplostethus atlanticus;Other regions;SEAFO;South-East Atlantic;-;-;-;-;-;-
FR;2015-2017;Trachurus spp.;Other regions;SEAFO;South-East Atlantic;-;-;-;-;-;-
FR;2015-2017;Scomber spp.;Other regions;SEAFO;South-East Atlantic;-;-;-;-;-;-
FR;2015-2017;Polyprion americanus;Other regions;SEAFO;South-East Atlantic;-;-;-;-;-;-
FR;2015-2017;Jasus tristani;Other regions;SEAFO;South-East Atlantic;-;-;-;-;-;-
FR;2015-2017;Lepidotus caudatus;Other regions;SEAFO;South-East Atlantic;-;-;-;-;-;-
FR;2015-2017;Schedophilus ovalis;Other regions;SEAFO;South-East Atlantic;-;-;-;-;-;-
FR;2015-2017;Schedophilus velaini;Other regions;SEAFO;South-East Atlantic;-;-;-;-;-;-
FR;2015-2017;Allocyttus verucossus;Other regions;SEAFO;South-East Atlantic;-;-;-;-;-;-
FR;2015-2017;Neocyttus romboidales;Other regions;SEAFO;South-East Atlantic;-;-;-;-;-;-
FR;2015-2017;Allocyttus guineensis;Other regions;SEAFO;South-East Atlantic;-;-;-;-;-;-
FR;2015-2017;Pseudocyttu smaculatus;Other regions;SEAFO;South-East Atlantic;-;-;-;-;-;-
FR;2015-2017;Emmelichthys nitidus;Other regions;SEAFO;South-East Atlantic;-;-;-;-;-;-
FR;2015-2017;Ruvettus pretiosus;Other regions;SEAFO;South-East Atlantic;-;-;-;-;-;-
FR;2015-2017;Promethichthys prometheus;Other regions;SEAFO;South-East Atlantic;-;-;-;-;-;-
FR;2015-2017;Macrourus spp.;Other regions;SEAFO;South-East Atlantic;-;-;-;-;-;-
FR;2015-2017;Antimora rostrata;Other regions;SEAFO;South-East Atlantic;-;-;-;-;-;-
FR;2015-2017;Epigonus spp.;Other regions;SEAFO;South-East Atlantic;-;-;-;-;-;-
FR;2015-2017;Merluccius spp.;Other regions;SEAFO;South-East Atlantic;-;-;-;-;-;-
FR;2015-2017;Notopogon fernandezianus;Other regions;SEAFO;South-East Atlantic;-;-;-;-;-;-
FR;2015-2017;Octopodidae and Loliginidae;Other regions;SEAFO;South-East Atlantic;-;-;-;-;-;-
FR;2015-2017;Thunnus albacares;Other regions;WCPFC;West Central Pacific Ocean;-;-;-;-;-;-
FR;2015-2017;Thunnus obesus;Other regions;WCPFC;West Central Pacific Ocean;-;-;-;-;-;-
FR;2015-2017;Katsuwonus pelamis;Other regions;WCPFC;West Central Pacific Ocean;-;-;-;-;-;-
FR;2015-2017;Thunnus alalunga;Other regions;WCPFC;West Central Pacific Ocean;-;-;-;-;-;-
FR;2015-2017;Thunnus orientalis;Other regions;WCPFC;West Central Pacific Ocean;-;-;-;-;-;-
FR;2015-2017;Xiphias gladius;Other regions;WCPFC;West Central Pacific Ocean;-;-;-;-;-;-
FR;2015-2017;Makaira nigricans (or mazara);Other regions;WCPFC;West Central Pacific Ocean;-;-;-;-;-;-
FR;2015-2017;Makaira indica;Other regions;WCPFC;West Central Pacific Ocean;-;-;-;-;-;-
FR;2015-2017;Tetrapturus audax;Other regions;WCPFC;West Central Pacific Ocean;-;-;-;-;-;-
FR;2015-2017;Acanthocybium solandri;Other regions;WCPFC;West Central Pacific Ocean;-;-;-;-;-;-
FR;2015-2017;Coryphaena hippurus;Other regions;WCPFC;West Central Pacific Ocean;-;-;-;-;-;-
FR;2015-2017;Elagatis bipinnulata;Other regions;WCPFC;West Central Pacific Ocean;-;-;-;-;-;-
FR;2015-2017;Lepidocybium f lavobrunneum;Other regions;WCPFC;West Central Pacific Ocean;-;-;-;-;-;-
FR;2015-2017;Lampris regius;Other regions;WCPFC;West Central Pacific Ocean;-;-;-;-;-;-
FR;2015-2017;Mola mola;Other regions;WCPFC;West Central Pacific Ocean;-;-;-;-;-;-
FR;2015-2017;Istiophorus platypterus;Other regions;WCPFC;West Central Pacific Ocean;-;-;-;-;-;-
FR;2015-2017;Tetrapturus angustirostris;Other regions;WCPFC;West Central Pacific Ocean;-;-;-;-;-;-
FR;2015-2017;Ruvettus pretiosus;Other regions;WCPFC;West Central Pacific Ocean;-;-;-;-;-;-
FR;2015-2017;Prionace glauca;Other regions;WCPFC;West Central Pacific Ocean;-;-;-;-;-;-
FR;2015-2017;Carcharhinus longimanus;Other regions;WCPFC;West Central Pacific Ocean;-;-;-;-;-;-
FR;2015-2017;Carcharhinus falciformis;Other regions;WCPFC;West Central Pacific Ocean;-;-;-;-;-;-
FR;2015-2017;Alopias superciliosus;Other regions;WCPFC;West Central Pacific Ocean;-;-;-;-;-;-
FR;2015-2017;Alopias vulpinus;Other regions;WCPFC;West Central Pacific Ocean;-;-;-;-;-;-
FR;2015-2017;Alopias pelagicus;Other regions;WCPFC;West Central Pacific Ocean;-;-;-;-;-;-
FR;2015-2017;Panulirus argus;Other regions;WECAFC;West Central Atlantic;-;-;-;-;-;-
FR;2015-2017;Strombus gigas;Other regions;WECAFC;West Central Atlantic;-;-;-;-;-;-
FR;2015-2017;Shark-like Selachii, Rajidae;Other regions;WECAFC;West Central Atlantic;-;-;-;-;-;-
FR;2015-2017;Coryphaena hippurus;Other regions;WECAFC;West Central Atlantic;-;-;-;-;-;-
FR;2015-2017;Acanthocybium solandri;Other regions;WECAFC;West Central Atlantic;-;-;-;-;-;-
FR;2015-2017;Epinephelus guttatus;Other regions;WECAFC;West Central Atlantic;-;-;-;-;-;-
FR;2015-2017;Lutjanus vivanus;Other regions;WECAFC;West Central Atlantic;-;-;-;-;-;-
FR;2015-2017;Lutjanus buccanella;Other regions;WECAFC;West Central Atlantic;-;-;-;-;-;-
FR;2015-2017;Lutjanus campechanus;Other regions;WECAFC;West Central Atlantic;-;-;-;-;-;-
FR;2015-2017;Penaeus subtilis;Other regions;WECAFC;French Guiana EEZ;-;-;-;-;-;-
FR;2015-2017;Thunnus albacares;Other regions;IOTC;Indian Ocean Western and Eastern;-;-;-;-;-;-
FR;2015-2017;Thunnus obesus;Other regions;IOTC;Indian Ocean Western and Eastern;-;-;-;-;-;-
FR;2015-2017;Katsuwonus pelamis;Other regions;IOTC;Indian Ocean Western and Eastern;-;-;-;-;-;-
FR;2015-2017;Thunnus alalunga;Other regions;IOTC;Indian Ocean Western and Eastern;-;-;-;-;-;-
FR;2015-2017;Xiphias gladius;Other regions;IOTC;Indian Ocean Western and Eastern;-;-;-;-;-;-
FR;2015-2017;Makaira nigricans (or mazara);Other regions;IOTC;Indian Ocean Western and Eastern;-;-;-;-;-;-
FR;2015-2017;Makaira indica;Other regions;IOTC;Indian Ocean Western and Eastern;-;-;-;-;-;-
FR;2015-2017;Tetrapturus audax;Other regions;IOTC;Indian Ocean Western and Eastern;-;-;-;-;-;-
FR;2015-2017;Istiophorus platypterus;Other regions;IOTC;Indian Ocean Western and Eastern;-;-;-;-;-;-
FR;2015-2017;Auxis rochei;Other regions;IOTC;Indian Ocean Western and Eastern;-;-;-;-;-;-
FR;2015-2017;Auxis thazard;Other regions;IOTC;Indian Ocean Western and Eastern;-;-;-;-;-;-
FR;2015-2017;Euthynnus affinis;Other regions;IOTC;Indian Ocean Western and Eastern;-;-;-;-;-;-
FR;2015-2017;Thunnus tonggol;Other regions;IOTC;Indian Ocean Western and Eastern;-;-;-;-;-;-
FR;2015-2017;Scomberomorus guttatus;Other regions;IOTC;Indian Ocean Western and Eastern;-;-;-;-;-;-
FR;2015-2017;Scomberomorus commerson;Other regions;IOTC;Indian Ocean Western and Eastern;-;-;-;-;-;-
FR;2015-2017;Prionace glauca;Other regions;IOTC;Indian Ocean Western and Eastern;-;-;-;-;-;-
FR;2015-2017;Alopias superciliosus;Other regions;IOTC;Indian Ocean Western and Eastern;-;-;-;-;-;-
FR;2015-2017;Carcharhinus falciformes;Other regions;IOTC;Indian Ocean Western and Eastern;-;-;-;-;-;-
FR;2015-2017;Carcharhinus longimanus;Other regions;IOTC;Indian Ocean Western and Eastern;-;-;-;-;-;-
FR;2015-2017;Alopias pelagicus;Other regions;IOTC;Indian Ocean Western and Eastern;-;-;-;-;-;-
FR;2015-2017;Sphyrna lewini;Other regions;IOTC;Indian Ocean Western and Eastern;-;-;-;-;-;-
FR;2015-2017;Trachurus murphyi;Other regions;SPRFMO;SPRFMO Convention Area;-;-;-;-;-;-
FR;2015-2017;Euphausia superba;Other regions;CCAMLR;CCAMLR Convention Area;-;-;-;-;-;-
FR;2015-2017;Dissostichus spp. Dissostichus eleginoides and Dissostichus mawsoni);Other regions;CCAMLR;CCAMLR Convention Area;-;-;-;-;-;-
FR;2015-2017;Champsocephalus gunnari;Other regions;CCAMLR;CCAMLR Convention Area;-;-;-;-;-;-
