"latinName";"region";"sppName";"RFMO";"stockID";"area";"areaBis";"TAC.area.description";"ordre";"English_name"
"Anguilla anguilla";"North Sea and Eastern Arctic";"European Eel";"ICES";"No TAC";"I, II";"27_1,27_2";"";1;"European eel"
"Brosme brosme";"North Sea and Eastern Arctic";"Tusk";"ICES";"USK1214EI";"I, II";"27_1,27_2";"EC and International Waters of I, II and XIV";2;"Tusk(=Cusk)"
"Clupea harengus";"North Sea and Eastern Arctic";"Atlanto-Scandian herring";"ICES";"HER1/2-";"I, II";"27_1,27_2";"";3;"Atlantic herring"
"Gadus morhua";"North Sea and Eastern Arctic";"Cod";"ICES";"COD1/2B.";"I, II";"27_1,27_2";"I, IIb)";4;"Atlantic cod"
"Mallotus villosus";"North Sea and Eastern Arctic";"Capelin";"ICES";"CAP02B.";"I, II";"27_1,27_2";"ICES division IIb - Spitzbergen and Bear Island";5;"Capelin"
"Melanogrammus aeglefinus";"North Sea and Eastern Arctic";"Haddock";"ICES";"HAD1N2AB.";"I, II";"27_1,27_2";"I, II (Norwegian waters)";6;"Haddock"
"Micromesistius poutassou";"North Sea and Eastern Arctic";"Blue whiting";"ICES";"WHB1X14";"I, II";"27_1,27_2";"ICES I, II, III, IV, V, VII, VIIIabde, XII and XIV (EC and international waters)";7;"Blue whiting(=Poutassou)"
"Pandalus borealis";"North Sea and Eastern Arctic";"Northern shrimp";"ICES";"PRA2AC4-C";"I, II";"27_1,27_2";"EC waters of IIa) and IV";8;"Northern prawn"
"Pollachius virens";"North Sea and Eastern Arctic";"Saithe";"ICES";"POK1/2INT";"I, II";"27_1,27_2";"I, II (International waters)";9;"Saithe(=Pollock)"
"Reinhardtius hippoglossoides";"North Sea and Eastern Arctic";"Greenland halibut";"ICES";"GHL1/2INT";"I, II";"27_1,27_2";"I, II (International waters)";10;"Greenland halibut"
"Salmo salar";"North Sea and Eastern Arctic";"Salmon";"ICES";"No TAC";"I, II";"27_1,27_2";"";11;"Atlantic salmon"
"Scomber scombrus";"North Sea and Eastern Arctic";"Mackerel";"ICES";"MAC2A34.";"II";"27_2";"IIa";12;"Atlantic mackerel"
"Sebastes marinus";"North Sea and Eastern Arctic";"Golden Redfish";"ICES";"REGXXX";"I, II";"27_1,27_2";"NEAFC Stock - catches not from the stock that is subject to NEAFC management mesures";13;"Golden redfish"
"Sebastes mentella";"North Sea and Eastern Arctic";"Deep sea Redfish";"ICES";"REBXNS";"I, II";"27_1,27_2";"NEAFC Stock - Pelagic redfish Sub Areas I, II";14;"Beaked redfish"
"Trachurus trachurus";"North Sea and Eastern Arctic";"Horse mackerel";"ICES";"JAX2A-14";"IIa";"27_2_A";"NEAFC Stock - catches not from the stock that is subject to NEAFC management mesures";15;"Atlantic horse mackerel"
"Ammodytidae";"North Sea and Eastern Arctic";"Sand eel";"ICES";"SAN2A3A4.";"IIIa";"27_3_A";"IIIa; EC waters of IIa and IV";16;NA
"Anguilla anguilla";"North Sea and Eastern Arctic";"European Eel";"ICES";"No TAC";"IIIa";"27_3_A";"";17;"European eel"
"Clupea harengus";"North Sea and Eastern Arctic";"Herring";"ICES";"HER03A., HER03A-BC";"22-24, IIIa";"27_3_A,27_3_C_22,27_3_D_24";"";18;"Atlantic herring"
"Coryphaenoides rupestris";"North Sea and Eastern Arctic";"Roundnose grenadier";"ICES";"RNG03-";"IIIa";"27_3_A";"EU and international waters of III";19;"Roundnose grenadier"
"Eutrigla gurnardus";"North Sea and Eastern Arctic";"Grey gurnard";"ICES";"No TAC";"IIIa";"27_3_A";"";20;"Grey gurnard"
"Aspitrigla cuculus";"North Sea and Eastern Arctic";"Red gurnard";"ICES";"No TAC";"IIIa";"27_3_A";"";21;"Red gurnard"
"Gadus morhua";"North Sea and Eastern Arctic";"Cod";"ICES";"COD03AN.";"IIIaN";"27_3_A-4_AB_NK";"Skagerrak (Division IIIa)";22;"Atlantic cod"
"Gadus morhua";"North Sea and Eastern Arctic";"Cod";"ICES";"COD03AS.";"IIIaS";"27_3_A";"Kattegat (Division IIIa)";23;"Atlantic cod"
"Glyptocephalus cynoglossus";"North Sea and Eastern Arctic";"Witch flounder";"ICES";"No TAC";"IIIa";"27_3_A";"";24;"Witch flounder"
"Limanda limanda";"North Sea and Eastern Arctic";"Dab";"ICES";"No TAC";"IIIa";"27_3_A";"";25;"Common dab"
"Melanogrammus aeglefinus";"North Sea and Eastern Arctic";"Haddock";"ICES";"HAD3A/BCD";"IIIa";"27_3_A";"IIIa) and EU waters of IIIbcd";26;"Haddock"
"Merlangius merlangus";"North Sea and Eastern Arctic";"Whiting";"ICES";"WHG03A.";"IIIa";"27_3_A";"";27;"Whiting"
"Merluccius merluccius";"North Sea and Eastern Arctic";"Hake";"ICES";"HKE3A/BCD";"IIIa";"27_3_A";"IIIa) and EU waters of IIIbcd";28;"European hake"
"Micromesistius poutassou";"North Sea and Eastern Arctic";"Blue whiting";"ICES";"WHB1X14";"IIIa";"27_3_A";"ICES I, II, III, IV, V, VII, VIIIabde, XII and XIV (EC and international waters)";29;"Blue whiting(=Poutassou)"
"Nephrops norvegicus";"North Sea and Eastern Arctic";"Norway lobster";"ICES";"NEP3A/BCD";"Functional unit 3-4";"27_3_A";"IIIa) and EU waters of IIIbcd";30;"Norway lobster"
"Pandalus borealis";"North Sea and Eastern Arctic";"Northern shrimp";"ICES";"PRA03A.";"IIIa";"27_3_A";"IIIa)";31;"Northern prawn"
"Pleuronectes platessa";"North Sea and Eastern Arctic";"Plaice";"ICES";"PLE03AN.,PLE03AS.";"IIIa";"27_3_A";"Skagerrak (Division IIIa),Kattegat (Division IIIa)";32;"European plaice"
"Pollachius virens";"North Sea and Eastern Arctic";"Saithe";"ICES";"2A34.";"IIIa";"27_3_A";"EU waters of IV and in IIIa";33;"Saithe(=Pollock)"
"Salmo salar";"North Sea and Eastern Arctic";"Salmon";"ICES";"No TAC";"IIIa";"27_3_A";"";34;"Atlantic salmon"
"Psetta maxima";"North Sea and Eastern Arctic";"Turbot";"ICES";"No TAC";"IIIa ";"27_3_A";"";35;"Turbot"
"Scomber scombrus";"North Sea and Eastern Arctic";"Mackerel";"ICES";"MAC2A34.";"IIIa";"27_3_A";"IIIa";36;"Atlantic mackerel"
"Scophthalmus rhombus";"North Sea and Eastern Arctic";"Brill";"ICES";"No TAC";"IIIa";"27_3_A";"";37;"Brill"
"Solea solea";"North Sea and Eastern Arctic";"Sole";"ICES";"SOL3A/BCD";"IIIa";"27_3_A";"";38;"Common sole"
"Sprattus sprattus";"North Sea and Eastern Arctic";"Sprat";"ICES";"SPR03A.";"IIIa";"27_3_A";"IIIa)";39;"European sprat"
"Trisopterus esmarki";"North Sea and Eastern Arctic";"Norway pout";"ICES";"NOP2A3A4.";"IIIa";"27_3_A";"IIIa; EU waters of IIa and IV,IIIa; EC waters of IIa and IV";40;NA
"Anguilla anguilla";"Baltic Sea";"European Eel";"ICES";"No TAC";"22-32";"27_3_C_22,27_3_B_23,27_3_D_24,27_3_D_25,27_3_D_26,27_3_D_27,27_3_D_28,27_3_D_29,27_3_D_30,27_3_D_31,27_3_D_32";"";41;"European eel"
"Clupea harengus";"Baltic Sea";"Herring";"ICES";"HER3BC+24";"22-24";"27_3_C_22,27_3_B_23,27_3_D_24";"";42;"Atlantic herring"
"Clupea harengus";"Baltic Sea";"Herring";"ICES";"HER3D-R30";"25-29, 32";"27_3_D_25,27_3_D_26,27_3_D_27,27_3_D_28_2,27_3_D_29,27_3_D_32";"";43;"Atlantic herring"
"Clupea harengus";"Baltic Sea";"Herring";"ICES";"HER3D30.";"30";"27_3_D_30";"";44;"Atlantic herring"
"Clupea harengus";"Baltic Sea";"Herring";"ICES";"HER3D31.";"31";"27_3_D_31";"";45;"Atlantic herring"
"Clupea harengus";"Baltic Sea";"Herring";"ICES";"HER03D.RG";"Gulf of Riga";"27_3_D_28_1";"";46;"Atlantic herring"
"Coregonus lavaretus";"Baltic Sea";"Common Whitefish/houting";"ICES";"No TAC";"IIId";"27_3_D";"";47;"European whitefish"
"Coregonus albula";"Baltic Sea";"Vendace";"ICES";"No TAC";"22-32";"27_3_C_22,27_3_B_23,27_3_D_24,27_3_D_25,27_3_D_26,27_3_D_27,27_3_D_28,27_3_D_29,27_3_D_30,27_3_D_31,27_3_D_32";"";48;"Vendace"
"Gadus morhua";"Baltic Sea";"Cod";"ICES";"COD3BC+24";"22-24";"27_3_C_22,27_3_B_23,27_3_D_24";"IIIb),c),d) (1) - Sub Divisions 22 to 24";49;"Atlantic cod"
"Gadus morhua";"Baltic Sea";"Cod";"ICES";"COD3DX32.";"25-32";"27_3_D_25,27_3_D_26,27_3_D_27,27_3_D_28,27_3_D_29,27_3_D_30,27_3_D_31,27_3_D_32";"IIId) (1) - Sub Divisions 25-32";50;"Atlantic cod"
"Limanda limanda";"Baltic Sea";"Dab";"ICES";"No TAC";"22-32";"27_3_C_22,27_3_B_23,27_3_D_24,27_3_D_25,27_3_D_26,27_3_D_27,27_3_D_28,27_3_D_29,27_3_D_30,27_3_D_31,27_3_D_32";"";51;"Common dab"
"Perca fluviatilis";"Baltic Sea";"Perch";"ICES";"No TAC";"IIId";"27_3_D";"";52;"European perch"
"Platichthys flesus";"Baltic Sea";"Flounder";"ICES";"No TAC";"22-32";"27_3_C_22,27_3_B_23,27_3_D_24,27_3_D_25,27_3_D_26,27_3_D_27,27_3_D_28,27_3_D_29,27_3_D_30,27_3_D_31,27_3_D_32";"";53;"European flounder"
"Pleuronectes platessa";"Baltic Sea";"Plaice";"ICES";"PLE3BCD-C";"22-32";"27_3_C_22,27_3_B_23,27_3_D_24,27_3_D_25,27_3_D_26,27_3_D_27,27_3_D_28,27_3_D_29,27_3_D_30,27_3_D_31,27_3_D_32";"IIIb),c),d) (1)- Excluding MU3";54;"European plaice"
"Psetta maxima";"Baltic Sea";"Turbot";"ICES";"No TAC";"22-32";"27_3_C_22,27_3_B_23,27_3_D_24,27_3_D_25,27_3_D_26,27_3_D_27,27_3_D_28,27_3_D_29,27_3_D_30,27_3_D_31,27_3_D_32";"";55;"Turbot"
"Salmo salar";"Baltic Sea";"Salmon";"ICES";"SAL3BCD-F";"22-31";"27_3_C_22,27_3_B_23,27_3_D_24,27_3_D_25,27_3_D_26,27_3_D_27,27_3_D_28,27_3_D_29,27_3_D_30,27_3_D_31";"";56;"Atlantic salmon"
"Salmo salar";"Baltic Sea";"Salmon";"ICES";"SAL3D32.";"32";"27_3_D_32";"";57;"Atlantic salmon"
"Salmo trutta";"Baltic Sea";"Sea trout";"ICES";"No TAC";"22-32";"27_3_C_22,27_3_B_23,27_3_D_24,27_3_D_25,27_3_D_26,27_3_D_27,27_3_D_28,27_3_D_29,27_3_D_30,27_3_D_31,27_3_D_32";"";58;"Sea trout"
"Sander lucioperca";"Baltic Sea";"Pike-perch";"ICES";"No TAC";"IIId";"27_3_D";"";59;"Pike-perch"
"Scophthalmus rhombus";"Baltic Sea";"Brill";"ICES";"No TAC";"22-32";"27_3_C_22,27_3_B_23,27_3_D_24,27_3_D_25,27_3_D_26,27_3_D_27,27_3_D_28,27_3_D_29,27_3_D_30,27_3_D_31,27_3_D_32";"";60;"Brill"
"Solea solea";"Baltic Sea";"Sole";"ICES";"No TAC";"22";"27_3_C_22";"";61;"Common sole"
"Sprattus sprattus";"Baltic Sea";"Sprat";"ICES";"SPR3B23.,SPR3BCD-C,SPR3C22.,SPR3D24.,SPR3D25.,SPR3D26.,SPR3D27.,SPR3D28.,,SPR3D29.,SPR3D30.,SPR3D31.,SPR3D32.";"22-32";"27_3_C_22,27_3_B_23,27_3_D_24,27_3_D_25,27_3_D_26,27_3_D_27,27_3_D_28,27_3_D_29,27_3_D_30,27_3_D_31,27_3_D_32";"To be checked";62;"European sprat"
"Ammodytidae";"North Sea and Eastern Arctic";"Sand eel";"ICES";"SAN2A3A4.";"IV";"27_4";"IIIa; EC waters of IIa and IV";63;NA
"Anarhichas spp.";"North Sea and Eastern Arctic";"Catfish";"ICES";"No TAC";"IV";"27_4";"";64;NA
"Anguilla anguilla";"North Sea and Eastern Arctic";"European Eel";"ICES";"No TAC";"IV, VIId";"27_4,27_7_D";"";65;"European eel"
"Argentina spp.";"North Sea and Eastern Arctic";"Argentine";"ICES";"ARU34-C";"IV";"27_4";"";66;NA
"Eutrigla gurnardus";"North Sea and Eastern Arctic";"Grey gurnard";"ICES";"No TAC";"IV";"27_4";"";67;"Grey gurnard"
"Brosme brosme";"North Sea and Eastern Arctic";"Tusk";"ICES";"USK04-C.";"IV";"27_4";"EU waters of IV";68;"Tusk(=Cusk)"
"Clupea harengus";"North Sea and Eastern Arctic";"Herring";"ICES";"HER2A47DX";"IV, VIId";"27_4,27_7_D";"";69;"Atlantic herring"
"Crangon crangon";"North Sea and Eastern Arctic";"Common Shrimp";"ICES";"No TAC";"IV, VIId";"27_4,27_7_D";"";70;"Common shrimp"
"Dicentrarchus labrax";"North Sea and Eastern Arctic";"Sea bass";"ICES";"No TAC";"IV, VIId";"27_4,27_7_D";"";71;"European seabass"
"Eutrigla gurnardus";"North Sea and Eastern Arctic";"Grey gurnard";"ICES";"No TAC";"IV";"27_4";"";72;"Grey gurnard"
"Gadus morhua";"North Sea and Eastern Arctic";"Cod";"ICES";"COD2A3AX4,COD07D.";"IV, VIId";"27_4,27_7_D";"IV; EC waters of IIa; that part of IIIa not covered by the Skagerrak and the Kattegat,ICES division VIId - Eastern Channel";73;"Atlantic cod"
"Glyptocephalus cynoglossus";"North Sea and Eastern Arctic";"Witch flounder";"ICES";"WIT2AC4-C";"IV";"27_4";"EC waters of IIa) and IV";74;"Witch flounder"
"Helicolenus dactylopterus";"North Sea and Eastern Arctic";"Blue-mouth rockfish";"ICES";"No TAC";"IV";"27_4";"";75;"Blackbelly rosefish"
"Lepidorhombus boscii";"North Sea and Eastern Arctic";"Four-spot megrim";"ICES";"LEZ2AC4-C";"IV, VIId";"27_4,27_7_D";"EC waters of IIa) and IV";76;"Four-spot megrim"
"Lepidorhombus whiffiagonis";"North Sea and Eastern Arctic";"Megrim";"ICES";"LEZ2AC4-C";"IV, VIId";"27_4,27_7_D";"EC waters of IIa) and IV";77;"Megrim"
"Limanda limanda";"North Sea and Eastern Arctic";"Dab";"ICES";"DAB2AC4-C";"IV, VIId";"27_4,27_7_D";"EC waters of IIa) and IV";78;"Common dab"
"Lophius budegassa";"North Sea and Eastern Arctic";"Black-bellied angler";"ICES";"ANF2AC4-C";"IV, VIId";"27_4,27_7_D";"";79;"Blackbellied angler"
"Lophius piscatorius";"North Sea and Eastern Arctic";"Anglerfish";"ICES";"ANF2AC4-C";"IV";"27_4";"";80;"Angler(=Monk)"
"Macrourus berglax";"North Sea and Eastern Arctic";"Roughhead grenadier";"ICES";"RHG124-";"IV";"27_4";"EU and international waters of I, II and IV";81;"Roughhead grenadier"
"Melanogrammus aeglefinus";"North Sea and Eastern Arctic";"Haddock";"ICES";"HAD2AC4.";"IV";"27_4";"IV; EC waters of IIa";82;"Haddock"
"Merlangius merlangus";"North Sea and Eastern Arctic";"Whiting";"ICES";"WHG2AC4.";"IV, VIId";"27_4,27_7_D";"";83;"Whiting"
"Merluccius merluccius";"North Sea and Eastern Arctic";"Hake";"ICES";"HKE2AC4-C";"IV VII";"27_4,27_7_D";"EC waters of IIa) and IV";84;"European hake"
"Micromesistius poutassou";"North Sea and Eastern Arctic";"Blue whiting";"ICES";"WHB1X14";"IV, VIId";"27_4,27_7_D";"ICES I, II, III, IV, V, VII, VIIIabde, XII and XIV (EC and international waters)";85;"Blue whiting(=Poutassou)"
"Microstomus kitt";"North Sea and Eastern Arctic";"Lemon sole";"ICES";"LEM2AC4-C";"IV, VIId";"27_4,27_7_D";"EC waters of IIa) and IV";86;"Lemon sole"
"Molva dypterygia";"North Sea and Eastern Arctic";"Blue ling";"ICES";"BLI24-";"IV";"27_4";"EU and international waters of II and IV";87;"Blue ling"
"Molva molva";"North Sea and Eastern Arctic";"Ling";"ICES";"LIN04-C.";"IV";"27_4";"EU waters of IV";88;"Ling"
"Mullus barbatus";"North Sea and Eastern Arctic";"Red mullet";"ICES";"No TAC";"IV, VIId";"27_4,27_7_D";"";89;"Red mullet"
"Mullus surmuletus";"North Sea and Eastern Arctic";"Striped red mullet";"ICES";"No TAC";"IV, VIId";"27_4,27_7_D";"";90;"Surmullet"
"Nephrops norvegicus";"North Sea and Eastern Arctic";"Norway lobster";"ICES";"NEP2AC4-C";"functional units 7";"nep-7";"EC waters of IIa) and IV";91;"Norway lobster"
"Nephrops norvegicus";"North Sea and Eastern Arctic";"Norway lobster";"ICES";"NEP2AC4-C";"functional units 10";"nep-10";"EC waters of IIa) and IV";92;"Norway lobster"
"Nephrops norvegicus";"North Sea and Eastern Arctic";"Norway lobster";"ICES";"NEP2AC4-C";"functional units 32 (TAC IIa, IV)";"27_4_A";"EC waters of IIa) and IV";93;"Norway lobster"
"Nephrops norvegicus";"North Sea and Eastern Arctic";"Norway lobster";"ICES";"NEP2AC4-C";"functional units 6";"nep-6";"EC waters of IIa) and IV";94;"Norway lobster"
"Nephrops norvegicus";"North Sea and Eastern Arctic";"Norway lobster";"ICES";"NEP2AC4-C";"functional units 8";"nep-8";"EC waters of IIa) and IV";95;"Norway lobster"
"Nephrops norvegicus";"North Sea and Eastern Arctic";"Norway lobster";"ICES";"NEP2AC4-C";"functional units 9";"nep-9";"EC waters of IIa) and IV";96;"Norway lobster"
"Nephrops norvegicus";"North Sea and Eastern Arctic";"Norway lobster";"ICES";"NEP2AC4-C";"functional units 33 (TAC IIa, VI)";"27_4_B";"EC waters of IIa) and IV";97;"Norway lobster"
"Nephrops norvegicus";"North Sea and Eastern Arctic";"Norway lobster";"ICES";"NEP2AC4-C";"functional units 34";"nep-34";"EC waters of IIa) and IV";98;"Norway lobster"
"Pandalus borealis";"North Sea and Eastern Arctic";"Northern shrimp";"ICES";"PRA2AC4-C";"IVa";"27_4_A";"EC waters of IIa) and IV";99;"Northern prawn"
"Pandalus borealis";"North Sea and Eastern Arctic";"Northern shrimp";"ICES";"PRA2AC4-C";"IV";"27_4";"EC waters of IIa) and IV";100;"Northern prawn"
"Pecten maximus";"North Sea and Eastern Arctic";"Common scallop";"ICES";"No TAC";"VIId";"27_7_D";"";101;"Great Atlantic scallop"
"Phycis blennoides";"North Sea and Eastern Arctic";"Greater Forkbeard";"ICES";"GFB1234-";"IV";"27_4";"EU and international waters of I, II, III and IV";102;"Greater forkbeard"
"Phycis phycis";"North Sea and Eastern Arctic";"Forkbeard";"ICES";"No TAC";"IV";"27_4";"";103;"Forkbeard"
"Platichthys flesus";"North Sea and Eastern Arctic";"Flounder";"ICES";"FLE2AC4-C";"IV";"27_4";"EC waters of IIa) and IV";104;"European flounder"
"Pleuronectes platessa";"North Sea and Eastern Arctic";"Plaice";"ICES";"PLE2A3AX4";"IV";"27_4";"IV; EC waters of IIa; that part of IIIa not covered by the Skagerrak and the Kattegat";105;"European plaice"
"Pleuronectes platessa";"North Sea and Eastern Arctic";"Plaice";"ICES";"PLE7DE.";"VIId";"27_7_D";"VIId),e)";106;"European plaice"
"Pollachius virens";"North Sea and Eastern Arctic";"Saithe";"ICES";"2A34.";"IV";"27_4";"EU waters of IV and in IIIa";107;"Saithe(=Pollock)"
"Psetta maxima";"North Sea and Eastern Arctic";"Turbot";"ICES";"TUR2AC4-C";"IV, VIId";"27_4,27_7_D";"EC waters of IIa) and IV";108;"Turbot"
"Reinhardtius hippoglossoides";"North Sea and Eastern Arctic";"Greenland halibut";"ICES";"GHL2A-C46";"IV";"27_4";"EU waters of IIa and IV; EU and international waters of Vb and VI";109;"Greenland halibut"
"Salmo salar";"North Sea and Eastern Arctic";"Salmon";"ICES";"No TAC";"IV, VIId";"27_4,27_7_D";"";110;"Atlantic salmon"
"Scomber scombrus";"North Sea and Eastern Arctic";"Mackerel";"ICES";"MAC2A34.";"IV, VIId";"27_4,27_7_D";"IVa) (1),IVb) (1),,IVc) (1)";111;"Atlantic mackerel"
"Scophthalmus rhombus";"North Sea and Eastern Arctic";"Brill";"ICES";"BLL2AC4-C";"IV, VIId";"27_4,27_7_D";"EC waters of IIa) and IV";112;"Brill"
"Sebastes mentella";"North Sea and Eastern Arctic";"Redfish";"ICES";"No TAC";"IV";"27_4";"";113;"Beaked redfish"
"Solea solea";"North Sea and Eastern Arctic";"Sole";"ICES";"SOL24-C.";"IV";"27_4";"";114;"Common sole"
"Solea solea";"North Sea and Eastern Arctic";"Sole";"ICES";"SOL07D.";"VIId";"27_7_D";"";115;"Common sole"
"Sprattus sprattus";"North Sea and Eastern Arctic";"Sprat";"ICES";"SPR2AC4-C";"IV";"27_4";"EC waters of IIa) and IV";116;"European sprat"
"Sprattus sprattus";"North Sea and Eastern Arctic";"Sprat";"ICES";"SPR7DE.";"VIId";"27_7_D";"VIId),e)";117;"European sprat"
"Trachurus trachurus";"North Sea and Eastern Arctic";"Horse mackerel";"ICES";"JAX4BC7D";"IV, VIId";"27_4,27_7_D";"NEAFC Stock - catches not from the stock that is subject to NEAFC management mesures";118;"Atlantic horse mackerel"
"Trigla lucerna";"North Sea and Eastern Arctic";"Tub gurnard";"ICES";"No TAC";"IV";"27_4";"";119;NA
"Trisopterus esmarki";"North Sea and Eastern Arctic";"Norway pout";"ICES";"NOP2A3A4.";"IV";"27_4";"IIIa; EU waters of IIa and IV,IIIa; EC waters of IIa and IV";120;NA
"Zeus faber";"North Sea and Eastern Arctic";"John Dory";"ICES";"No TAC";"IV, VIId";"27_4,27_7_D";"";121;"John dory"
"Alopias vulpinus";"North Sea and Eastern Arctic";"";"ICES";"";"all areas";"27_4,27_7_D";"";122;"Thresher"
"Dasyatis tortonesei";"North Sea and Eastern Arctic";"";"ICES";"";"all areas";"27_4,27_7_D";"";123;"Tortonese's stingray"
"Galeorhinus galeus";"North Sea and Eastern Arctic";"";"ICES";"";"all areas";"27_4,27_7_D";"";124;"Tope shark"
"Mustelus asterias";"North Sea and Eastern Arctic";"";"ICES";"";"all areas";"27_4,27_7_D";"";125;"Starry smooth-hound"
"Scyliorhinus canicula";"North Sea and Eastern Arctic";"";"ICES";"";"IV, VIId";"27_4,27_7_D";"";126;"Small-spotted catshark"
"Scyliorhinus stellaris";"North Sea and Eastern Arctic";"";"ICES";"";"IV, VIId";"27_4,27_7_D";"";127;"Nursehound"
"Squalus acanthias";"North Sea and Eastern Arctic";"";"ICES";"";"all areas";"27_4,27_7_D";"";128;"Picked dogfish"
"Raja asterias";"North Sea and Eastern Arctic";"";"ICES";"";"IV, VIId";"27_4,27_7_D";"";129;"Mediterranean starry ray"
"Rostroraja alba";"North Sea and Eastern Arctic";"";"ICES";"";"IV, VIId";"27_4,27_7_D";"";130;NA
"Raja clavata";"North Sea and Eastern Arctic";"";"ICES";"";"IV, VIId";"27_4,27_7_D";"";131;"Thornback ray"
"Raja microocellata";"North Sea and Eastern Arctic";"";"ICES";"";"all areas";"27_4,27_7_D";"";132;"Small-eyed ray"
"Leucoraja fullonica";"North Sea and Eastern Arctic";"";"ICES";"";"all areas";"27_4,27_7_D";"";133;NA
"Amblyraja hyperborea";"North Sea and Eastern Arctic";"";"ICES";"";"IV, VIId";"27_4,27_7_D";"";134;NA
"Raja brachyura";"North Sea and Eastern Arctic";"";"ICES";"";"IV, VIId";"27_4,27_7_D";"";135;"Blonde ray"
"Leucoraja circularis";"North Sea and Eastern Arctic";"";"ICES";"";"all areas";"27_4,27_7_D";"";136;NA
"Raja montagui";"North Sea and Eastern Arctic";"";"ICES";"";"IV, VIId";"27_4,27_7_D";"";137;"Spotted ray"
"Leucoraja naevus";"North Sea and Eastern Arctic";"";"ICES";"";"IV, VIId";"27_4,27_7_D";"";138;NA
"Bathyraja radiata";"North Sea and Eastern Arctic";"";"ICES";"";"IV";"27_4";"";139;NA
"Raja undulata";"North Sea and Eastern Arctic";"";"ICES";"";"VIId";"27_7_D";"";140;"Undulate ray"
"Rajiformes";"North Sea and Eastern Arctic";"";"ICES";"";"IV, VIId";"27_4,27_7_D";"";141;"Rays, stingrays, mantas nei"
"Alepocephalus bairdii";"North Atlantic";"Smoothhead";"ICES";"No TAC";"VI, XII";"27_6,27_12";"";142;"Baird's slickhead"
"Ammodytidae";"North Atlantic";"Sand eel";"ICES";"No TAC";"VIa";"27_6_A";"??";143;NA
"Capros aper";"North Atlantic";"Boarfish";"ICES";"BOR678-";"V, VI,VII";"27_5,27_6,27_7";"EU and international waters of VI, VII and VIII";144;"Boarfish"
"Pecten maximus";"North Atlantic";"Scallop";"ICES";"No TAC";"IV, VI, VII";"27_4,27_6,27_7_E,27_7_A,27_7_B,27_7_C,27_7_F,27_7_G,27_7_H,27_7_J,27_7_K";"";145;"Great Atlantic scallop"
"Aequipecten opercularis";"North Atlantic";"Queen scallop";"ICES";"No TAC";"VII";"27_7";"";146;"Queen scallop"
"Maja squinado";"North Atlantic";"Spider crab";"ICES";"No TAC";"V, VI,VII";"27_5,27_6,27_7";"";147;"Spinous spider crab"
"Anguilla anguilla";"North Atlantic";"European Eel";"ICES";"No TAC";"all areas";"27_5,27_6,27_7_A,27_7_B,27_7_C,27_7_E,27_7_F,27_7_G,27_7_H,27_7_J,27_7_K,27_8,27_9,27_10,27_12,27_14";"";148;"European eel"
"Aphanopus spp.";"North Atlantic";"Scabbardfish";"ICES";"BSF56712-,BSF8910-";"all areas";"27_5,27_6,27_7_A,27_7_B,27_7_C,27_7_E,27_7_F,27_7_G,27_7_H,27_7_J,27_7_K,27_8,27_9,27_10,27_12,27_14";"Not sure of the species code";149;NA
"Argentina spp.";"North Atlantic";"Argentine";"ICES";"ARU567.";"all areas";"27_5,27_6,27_7_A,27_7_B,27_7_C,27_7_E,27_7_F27_7_G,,27_7_H,27_7_J,27_7_K,27_8,27_9,27_10,27_12,27_14";"";150;NA
"Argyrosomus regius";"North Atlantic";"Meagre";"ICES";"No TAC";"all areas";"27_5,27_6,27_7_A,27_7_B,27_7_C,27_7_E,27_7_F,27_7_G,27_7_H,27_7_J,27_7_K,27_8,27_9,27_10,27_12,27_14";"";151;"Meagre"
"Aspitrigla cuculus";"North Atlantic";"Red gurnard";"ICES";"No TAC";"all areas";"27_5,27_6,27_7_A,27_7_B,27_7_C,27_7_E,27_7_F,27_7_G,27_7_H,27_7_J,27_7_K,27_8,27_9,27_10,27_12,27_14";"";152;"Red gurnard"
"Beryx spp.";"North Atlantic";"Alfonsinos";"ICES";"ALF3X14-";"all areas, excluding X and IXa";"27_5,27_6,27_7_A,27_7_B,27_7_C,27_7_E,27_7_F,27_7_G,27_7_H,27_7_J,27_7_K,27_8,27_9_B,27_12,27_14";"";153;NA
"Beryx spp.";"North Atlantic";"Alfonsinos";"ICES";"ALF3X14-";"IXa and X";"27_9_A,27_10";"";154;NA
"Cancer pagurus";"North Atlantic";"Edible crab";"ICES";"No TAC";"all areas";"27_5,27_6,27_7_A,27_7_B,27_7_C,27_7_E,27_7_F,27_7_G,27_7_H,27_7_J,27_7_K,27_8,27_9,27_10,27_12,27_14";"";155;"Edible crab"
"Clupea harengus";"North Atlantic";"Herring";"ICES";"HER06ACL.";"VIa";"27_6_A";"";156;"Atlantic herring"
"Clupea harengus";"North Atlantic";"Herring";"ICES";"HER6AS7BC";"VIa S, VIIbc";"27_6_A,27_7_B,27_7_C";"";157;"Atlantic herring"
"Clupea harengus";"North Atlantic";"Herring";"ICES";"HER07A/MM";"VIIa";"27_7_A";"";158;"Atlantic herring"
"Clupea harengus";"North Atlantic";"Herring";"ICES";"HER7G-K.";"VIIj";"27_7_J";"";159;"Atlantic herring"
"Conger conger";"North Atlantic";"Conger";"ICES";"COEXDS";"all areas, excluding X";"27_5,27_6,27_7_A,27_7_B,27_7_C,27_7_E,27_7_F,27_7_G,27_7_H,27_7_J,27_7_K,27_8,27_9,27_12,27_14";"NEAFC Stock - Deep Sea Fisheries";160;"European conger"
"Conger conger";"North Atlantic";"Conger";"ICES";"COEXDS";"X";"27_10";"NEAFC Stock - Deep Sea Fisheries";161;"European conger"
"Coryphaenoides rupestris";"North Atlantic";"Roundnose grenadier";"ICES";"RNG514GRN,RNG5B67-,RNG8X14-";"all areas";"27_5,27_6,27_7_A,27_7_B,27_7_C,27_7_E,27_7_F,27_7_G,27_7_H,27_7_J,27_7_K,27_8,27_9,27_10,27_12,27_14";"to be confirmed";162;"Roundnose grenadier"
"Dalatias licha";"North Atlantic";"Kitefin shark";"ICES";"SCKXDS";"All areas";"27_5,27_6,27_7_A,27_7_B,27_7_C,27_7_E,27_7_F,27_7_G,27_7_H,27_7_J,27_7_K,27_8,27_9,27_10,27_12,27_14";"NEAFC Stock - Deep Sea Fisheries";163;"Kitefin shark"
"Dasyatis pastinaca";"North Atlantic";"Common stingray";"ICES";"SRX67AKXD,SRX07D.SRX89-C.";"VII, VIII";"27_7,27_8";"SRX = all rays";164;"Common stingray"
"Deania calcea";"North Atlantic";"Birdbeak dogfish";"ICES";"DCAXDS";"V, VI, VII, IX, X, XII";"27_5,27_6,27_7_A,27_7_B,27_7_C,27_7_E,27_7_F,27_7_G,27_7_H,27_7_J,27_7_K,27_8,27_9,27_10,27_12";"";165;"Birdbeak dogfish"
"Dicentrarchus labrax";"North Atlantic";"Sea bass";"ICES";"No TAC";"all areas, excluding IX";"27_5,27_6,27_7_A,27_7_B,27_7_C,27_7_E,27_7_F,27_7_G,27_7_H,27_7_J,27_7_K,27_8,27_10,27_12,27_14";"";166;"European seabass"
"Dicentrarchus labrax";"North Atlantic";"Sea bass";"ICES";"No TAC";"IX";"27_9";"";167;"European seabass"
"Dicologlossa cuneata";"North Atlantic";"Wedge sole";"ICES";"No TAC";"VIIIc, IX";"27_8_C,27_9";"";168;"Wedge sole"
"Engraulis encrasicolus";"North Atlantic";"Anchovy";"ICES";"ANE9/3411";"IXa (only C?diz)";"27_9_A";"";169;"European anchovy"
"Engraulis encrasicolus";"North Atlantic";"Anchovy";"ICES";"ANE08.";"VIII";"27_8";"";170;"European anchovy"
"Etmopterus spinax";"North Atlantic";"Velvet belly";"ICES";"No TAC";"VI, VII, VIII";"27_6,27_7_A,27_7_B,27_7_C,27_7_E,27_7_F,27_7_G,27_7_H,27_7_J,27_7_K,27_8";"";171;"Velvet belly"
"Eutrigla gurnardus";"North Atlantic";"Grey gurnard";"ICES";"No TAC";"VIId,e";"27_7_D,27_7_E";"";172;"Grey gurnard"
"Gadus morhua";"North Atlantic";"Cod";"ICES";"No TAC";"Va";"27_5_A";"";173;"Atlantic cod"
"Gadus morhua";"North Atlantic";"Cod";"ICES";"COD05B-F.";"Vb";"27_5_B";"Faroe zone: Vb)";174;"Atlantic cod"
"Gadus morhua";"North Atlantic";"Cod";"ICES";"COD5BE6A";"VIa";"27_6_A";"VIa; EU and international waters of Vb east of 12? W";175;"Atlantic cod"
"Gadus morhua";"North Atlantic";"Cod";"ICES";"COD5W6-14";"VIb";"27_6_B";"VIb; EU and international waters of Vb west of 12? W and of XII and XIV";176;"Atlantic cod"
"Gadus morhua";"North Atlantic";"Cod";"ICES";"COD07A.";"VIIa";"27_7_A";"ICES division VIIa - Irish Sea";177;"Atlantic cod"
"Gadus morhua";"North Atlantic";"Cod";"ICES";"COD7XAD34";"VIIe-k";"27_7_E,27_7_F,27_7_G,27_7_H,27_7_J,27_7_K";"VII b-c, e-k, VIII, IX and X; EC waters of CECAF 34.1.1";178;"Atlantic cod"
"Glyptocephalus cynoglossus";"North Atlantic";"Witch ";"ICES";"No TAC";"VI, VII";"27_6,27_7_A,27_7_B,27_7_E,27_7_F,27_7_G,27_7_H,27_7_J,27_7_K";"";179;"Witch flounder"
"Helicolenus dactylopterus";"North Atlantic";"Bluemouth rockfish";"ICES";"No TAC";"all areas";"27_5,27_6,27_7_A,27_7_B,27_7_C,27_7_E,27_7_F,27_7_G,27_7_H,27_7_J,27_7_K,27_8,27_9,27_10,27_12,27_14";"";180;"Blackbelly rosefish"
"Homarus gammarus";"North Atlantic";"Lobster";"ICES";"No TAC";"all areas";"27_5,27_6,27_7_A,27_7_B,27_7_C,27_7_E,27_7_F,27_7_G,27_7_H,27_7_J,27_7_K,27_8,27_9,27_10,27_12,27_14";"";181;"European lobster"
"Hoplostethus atlanticus";"North Atlantic";"Orange roughy";"ICES";"No TAC";"all areas";"27_5,27_6,27_7_A,27_7_B,27_7_C,27_7_E,27_7_F,27_7_G,27_7_H,27_7_J,27_7_K,27_8,27_9,27_10,27_12,27_14";"";182;"Orange roughy"
"Lepidopus caudatus";"North Atlantic";"Silver scabbardfish";"ICES";"SFSXDS";"IXa";"27_9_A";"NEAFC Stock - Deep Sea Fisheries";183;"Silver scabbardfish"
"Lepidorhombus boscii";"North Atlantic";"Four-spot megrim";"ICES";"LEZ8C3411";"VIIIc, IXa";"27_8_C,27_9_A";"VIIIc),IX,X;COPACE 34.1.1 (1)";184;"Four-spot megrim"
"Lepidorhombus whiffiagonis";"North Atlantic";"Megrim";"ICES";"LEZ56-14";"VI";"27_6";"VI; EU and international waters of Vb; international waters of XII and XIV";185;"Megrim"
"Lepidorhombus whiffiagonis";"North Atlantic";"Megrim";"ICES";"LEZ07.,LEZ8ABDE.";"VII, VIIIabd";"27_7_A,27_7_B,27_7_C,27_7_E,27_7_F,27_7_G,27_7_H,27_7_J,27_7_K,27_8_A,27_8_B";"";186;"Megrim"
"Lepidorhombus whiffiagonis";"North Atlantic";"Megrim";"ICES";"LEZ8C3411";"VIIIc, IXa";"27_8_C,27_9_A";"";187;"Megrim"
"Limanda limanda";"North Atlantic";"Dab";"ICES";"No TAC";"VIIe";"27_7_E";"";188;"Common dab"
"Limanda limanda";"North Atlantic";"Dab";"ICES";"No TAC";"VIIa,f-h";"27_7_A,27_7_F,27_7_G,27_7_H";"";189;"Common dab"
"Loligo vulgaris";"North Atlantic";"Common squid";"ICES";"No TAC";"all areas, excluding VIIIc, IXa";"27_5,27_6,27_7_A,27_7_B,27_7_C,27_7_E,27_7_F,27_7_G,27_7_H,27_7_J,27_7_K,27_8_A,27_8_B,27_8_D,27_8_E,27_9_ B,27_10,27_12,27_14";"";190;"European squid"
"Loligo vulgaris";"North Atlantic";"Common squid";"ICES";"No TAC";"VIIIc, IXa";"27_8_C,27_9_A";"";191;"European squid"
"Lophius budegassa";"North Atlantic";"Black-bellied angler";"ICES";"ANF2AC4-C,ANF56-14";"IV, VI";"27_4,27_6";"";192;"Blackbellied angler"
"Lophius budegassa";"North Atlantic";"Black-bellied angler";"ICES";"ANF07.,ANF8ABDE";"VIIb-k, VIIIabd";"27_7_B,27_7_C,27_7_E,27_7_F,27_7_G,27_7_H,27_7_J,27_7_K,27_8_A,27_8_B,27_8_D";"";193;"Blackbellied angler"
"Lophius budegassa";"North Atlantic";"Black-bellied angler";"ICES";"ANF8C3411";"VIIIc, IXa";"27_8_C,27_9_A";"";194;"Blackbellied angler"
"Lophius piscatorius";"North Atlantic";"Anglerfish";"ICES";"ANF2AC4-C,ANF56-14";"IV, VI";"27_4,27_6";"";195;"Angler(=Monk)"
"Lophius piscatorius";"North Atlantic";"Anglerfish";"ICES";"ANF07.,ANF8ABDE";"VIIb-k, VIIIabd";"27_7_B,27_7_C,27_7_E,27_7_F,27_7_G,27_7_H,27_7_J,27_7_K,27_8_A,27_8_B,27_8_D";"";196;"Angler(=Monk)"
"Lophius piscatorius";"North Atlantic";"Anglerfish";"ICES";"ANF8C3411";"VIIIc, IXa";"27_8_C,27_9_A";"";197;"Angler(=Monk)"
"Mallotus villosus";"North Atlantic";"Capelin";"ICES";"CAP514GRN";"XIV";"27_14";"Greenland zone: V & XIV";198;"Capelin"
"Melanogrammus aeglefinus";"North Atlantic";"Haddock";"ICES";"No TAC";"Va";"27_5_A";"";199;"Haddock"
"Melanogrammus aeglefinus";"North Atlantic";"Haddock";"ICES";"HAD05B-F.";"Vb";"27_5_B";"Faroe zone: Vb)";200;"Haddock"
"Melanogrammus aeglefinus";"North Atlantic";"Haddock";"ICES";"HAD5BC6A.";"VIa";"27_6_A";"Vb) (1), VIa).";201;"Haddock"
"Melanogrammus aeglefinus";"North Atlantic";"Haddock";"ICES";"HAD6B1214";"Vib";"27_6_B";"Ec and international waters of VIb), XII and XIV";202;"Haddock"
"Melanogrammus aeglefinus";"North Atlantic";"Haddock";"ICES";"HAD07A.";"VIIa";"27_7_A";"ICES division VIIa - Irish Sea";203;"Haddock"
"Melanogrammus aeglefinus";"North Atlantic";"Haddock";"ICES";"HAD7X7A34";"VIIb-k";"27_7_B,27_7_C,27_7_E,27_7_F,27_7_G,27_7_H,27_7_J,27_7_K";"VIIb),c),d),e),f),g),h),j),k),VIII,IX,X;EC waters of CECAF 34.1.1";204;"Haddock"
"Merlangius merlangus";"North Atlantic";"Whiting";"ICES";"WHG08.";"VIII";"27_8";"";205;"Whiting"
"Merlangius merlangus";"North Atlantic";"Whiting";"ICES";"WHG9/3411";"IX, X";"27_9,27_10";"";206;"Whiting"
"Merlangius merlangus";"North Atlantic";"Whiting";"ICES";"WHG56-14";"Vb";"27_5_B";"";207;"Whiting"
"Merlangius merlangus";"North Atlantic";"Whiting";"ICES";"WHG56-14";"VIa";"27_6_A";"";208;"Whiting"
"Merlangius merlangus";"North Atlantic";"Whiting";"ICES";"WHG56-14";"VIb";"27_6_B";"";209;"Whiting"
"Merlangius merlangus";"North Atlantic";"Whiting";"ICES";"WHG07A.";"VIIa";"27_7_A";"";210;"Whiting"
"Merlangius merlangus";"North Atlantic";"Whiting";"ICES";"WHG7X7A-C";"VIIe-k";"27_7_E,27_7_F,27_7_G,27_7_H,27_7_J,27_7_K";"";211;"Whiting"
"Merluccius merluccius";"North Atlantic";"Hake";"ICES";"HKE8ABDE,HKE571214";"IIIa, IV, VI, VII, VIIIab";"27_3_A,27_4,27_6,27_7_A,27_7_B,27_7_C,27_7_E,27_7_F,27_7_G,27_7_H,27_7_J,27_7_K,27_8_A,27_8_B";"VIIIa),b),d),e), Vb) (1), VI, VII, XII, XIV";212;"European hake"
"Merluccius merluccius";"North Atlantic";"Hake";"ICES";"HKE8C3411";"VIIIc, IXa";"27_8_C,27_9_A";"VIIIc),IX,X;COPACE 34.1.1 (1)";213;"European hake"
"Microchirus variegatus";"North Atlantic";"Wedge sole";"ICES";"No TAC";"all areas";"27_5,27_6,27_7_A,27_7_B,27_7_C,27_7_E,27_7_F,27_7_G,27_7_H,27_7_J,27_7_K,27_8,27_9,27_10,27_12,27_14";"";214;"Thickback sole"
"Micromesistius poutassou";"North Atlantic";"Blue whiting";"ICES";"WHB1X14";"I-IX, XII, XIV";"27_1,27_2,27_3,27_4,27_5,27_6,27_7,27_8,27_9,27_12,27_14";"ICES I, II, III, IV, V, VII, VIIIabde, XII and XIV (EC and international waters)";215;"Blue whiting(=Poutassou)"
"Microstomus kitt";"North Atlantic";"Lemon sole";"ICES";"No TAC";"all areas";"27_5,27_6,27_7_A,27_7_B,27_7_C,27_7_E,27_7_F,27_7_G,27_7_H,27_7_J,27_7_K,27_8,27_9,27_10,27_12,27_14";"";216;"Lemon sole"
"Molva dypterygia";"North Atlantic";"Blue ling";"ICES";"BLI5B67-";"all areas, excluding X";"27_5,27_6,27_7_A,27_7_B,27_7_C,27_7_E,27_7_F,27_7_G,27_7_H,27_7_J,27_7_K,27_8,27_9,27_12,27_14";"EU waters of IIa, IV, Vb, VI and VII";217;"Blue ling"
"Molva macrophthalma";"North Atlantic";"Spanish ling";"ICES";"No TAC";"X";"27_10";"";218;"Spanish ling"
"Molva molva";"North Atlantic";"Ling";"ICES";"LIN6X14.";"all areas";"27_5,27_6,27_7_A,27_7_B,27_7_C,27_7_E,27_7_F,27_7_G,27_7_H,27_7_J,27_7_K,27_8,27_9,27_10,27_12,27_14";"VI, VII, VIII, IX, X, XII, XIV  (1) (2)";219;"Ling"
"Mullus surmuletus";"North Atlantic";"Striped red mullet";"ICES";"No TAC";"all areas";"27_5,27_6,27_7_A,27_7_B,27_7_C,27_7_E,27_7_F,27_7_G,27_7_H,27_7_J,27_7_K,27_8,27_9,27_10,27_12,27_14";"";220;"Surmullet"
"Mustelus asterias";"North Atlantic";"Starry smooth-hound";"ICES";"No TAC";"VI, VII, VIII, IX";"27_6,27_7_A,27_7_B,27_7_C,27_7_E,27_7_F,27_7_G,27_7_H,27_7_J,27_7_K,27_8,27_9";"";221;"Starry smooth-hound"
"Mustelus mustelus";"North Atlantic";"Smooth-hound";"ICES";"PHOXDS";"VI, VII, VIII, IX";"27_6,27_7_A,27_7_B,27_7_C,27_7_E,27_7_F,27_7_G,27_7_H,27_7_J,27_7_K,27_8,27_9";"Not sure of the species code";222;"Smooth-hound"
"Mustelus punctulatus";"North Atlantic";"Blackspotted smooth-hound";"ICES";"No TAC";"VI, VII, VIII, IX";"27_6,27_7_A,27_7_B,27_7_C,27_7_E,27_7_F,27_7_G,27_7_H,27_7_J,27_7_K,27_8,27_9";"";223;"Blackspotted smooth-hound"
"Nephrops norvegicus";"North Atlantic";"Norway lobster";"ICES";"NEP5BC6.";"VI Fuctional unit 11";"nep-11";"Vb) (1), VI";224;"Norway lobster"
"Nephrops norvegicus";"North Atlantic";"Norway lobster";"ICES";"NEP5BC6.";"VI Fuctional unit 12";"nep-12";"Vb) (1), VI";225;"Norway lobster"
"Nephrops norvegicus";"North Atlantic";"Norway lobster";"ICES";"NEP5BC6.";"VI Fuctional unit 13";"nep-13";"Vb) (1), VI";226;"Norway lobster"
"Nephrops norvegicus";"North Atlantic";"Norway lobster";"ICES";"NEP07.";"VII Functional unit 14";"nep-14";"VII";227;"Norway lobster"
"Nephrops norvegicus";"North Atlantic";"Norway lobster";"ICES";"NEP07.";"VII Functional unit 15";"nep-15";"VII";228;"Norway lobster"
"Nephrops norvegicus";"North Atlantic";"Norway lobster";"ICES";"NEP*07U16";"VII Functional unit 16 (TAC FU16)";"27_7_C,27_C_K";"Porcupine Bank - Unit 16";229;"Norway lobster"
"Nephrops norvegicus";"North Atlantic";"Norway lobster";"ICES";"NEP07.";"VII Functional unit 17";"nep-17";"VII";230;"Norway lobster"
"Nephrops norvegicus";"North Atlantic";"Norway lobster";"ICES";"NEP07.";"VII Functional unit 18 (TAC VII)";"27_7_B";"VII";231;"Norway lobster"
"Nephrops norvegicus";"North Atlantic";"Norway lobster";"ICES";"NEP07.";"VII Functional unit 19 (TAC VII)";"27_7_G,27_7_J";"VII";232;"Norway lobster"
"Nephrops norvegicus";"North Atlantic";"Norway lobster";"ICES";"NEP07.";"VII Functional unit 20-21 (TAC VII)";"27_7_H,27_7_G";"VII";233;"Norway lobster"
"Nephrops norvegicus";"North Atlantic";"Norway lobster";"ICES";"NEP07.";"VII Functional unit 22";"nep-22";"VII";234;"Norway lobster"
"Nephrops norvegicus";"North Atlantic";"Norway lobster";"ICES";"NEP8ABDE.";"VIII, IX Functional unit 23, 24";"27_8_A,27_8_B";"VIIIa),b),d),e)";235;"Norway lobster"
"Nephrops norvegicus";"North Atlantic";"Norway lobster";"ICES";"NEP08C.";"VIII, IX Functional unit 25, 31";"27_8_C";"ICES division VIIIc - Bay of Biscay - South";236;"Norway lobster"
"Nephrops norvegicus";"North Atlantic";"Norway lobster";"ICES";"NEP*9U267";"VIII, IX Functional unit 26-27, 28-29, 30";"27_9_A";"Functional Units 26 and 27 of ICES division IXa";237;"Norway lobster"
"Octopus vulgaris";"North Atlantic";"Common octopus";"ICES";"No TAC";"all areas, excluding VIIIc, IXa";"27_5,27_6,27_7_A,27_7_B,27_7_C,27_7_E,27_7_F,27_7_G,27_7_H,27_7_J,27_7_K,27_8_A,27_8_B,27_8_D,27_8_E,27_9_B,27_10,27_12,27_14";"";238;"Common octopus"
"Octopus vulgaris";"North Atlantic";"Common octopus";"ICES";"No TAC";"VIIIc, IXa";"27_8_C,27_9_A";"";239;"Common octopus"
"Pagellus bogaraveo";"North Atlantic";"Blackspot sea bream";"ICES";"SBR09-,SBR10-";"IXa, X";"27_9_A,27_10";"";240;"Blackspot(=red) seabream"
"Pandalus spp.";"North Atlantic";"Pandalid shrimps";"ICES";"No TAC";"all areas";"27_5,27_6,27_7_A,27_7_B,27_7_C,27_7_E,27_7_F,27_7_G,27_7_H,27_7_J,27_7_K,27_8,27_9,27_10,27_12,27_14";"";241;NA
"Parapenaeus longirostris";"North Atlantic";"Deepwater rose shrimp";"ICES";"No TAC";"IXa";"27_9_A";"";242;"Deep-water rose shrimp"
"Phycis blennoides";"North Atlantic";"Greater Forkbeard";"ICES";"GFB567-,GFB89-,GFB1012-";"all areas";"27_5,27_6,27_7_A,27_7_B,27_7_C,27_7_E,27_7_F,27_7_G,27_7_H,27_7_J,27_7_K,27_8,27_9,27_10,27_12,27_14";"Should we add areas 1, II, III and IV? There also other TAC codes looking redundant??";243;"Greater forkbeard"
"Phycis phycis";"North Atlantic";"Forkbeard";"ICES";"No TAC";"all areas";"27_5,27_6,27_7_A,27_7_B,27_7_C,27_7_E,27_7_F,27_7_G,27_7_H,27_7_J,27_7_K,27_8,27_9,27_10,27_12,27_14";"";244;"Forkbeard"
"Pleuronectes platessa";"North Atlantic";"Plaice";"ICES";"PLE07A.";"VIIa";"27_7_A";"ICES division VIIa - Irish Sea";245;"European plaice"
"Pleuronectes platessa";"North Atlantic";"Plaice";"ICES";"PLE7DE.";"VIIe";"27_7_E";"VIId),e)";246;"European plaice"
"Pleuronectes platessa";"North Atlantic";"Plaice";"ICES";"PLE7FG.";"VIIfg";"27_7_F,27_7_G";"VIIf),g)";247;"European plaice"
"Pleuronectes platessa";"North Atlantic";"Plaice";"ICES";"PLE7BC.";"VIIbc";"27_7_B,27_7_C";"VIIb),c)";248;"European plaice"
"Pleuronectes platessa";"North Atlantic";"Plaice";"ICES";"PLE7HJK.";"VIIh-k";"27_7_H,27_7_J,27_7_K";"VIIh),j),k)";249;"European plaice"
"Pleuronectes platessa";"North Atlantic";"Plaice";"ICES";"PLE8/3411";"VIII, IX, X";"27_8,27_9,27_10";"VIII,IX,X;COPACE 34.1.1(1)";250;"European plaice"
"Pollachius pollachius";"North Atlantic";"Pollack";"ICES";"VII,POL08C.,POL56-14,POL8ABDE.";"all areas except IX, X";"27_5,27_6,27_7_A,27_7_B,27_7_C,27_7_E,27_7_F,27_7_G,27_7_H,27_7_J,27_7_K,27_8,27_12,27_14";"Should it be a general rule to include all the codes?";251;"Pollack"
"Pollachius pollachius";"North Atlantic";"Pollack";"ICES";"POL9/3411";"IX, X";"27_9,27_10";"";252;"Pollack"
"Pollachius virens";"North Atlantic";"Saithe";"ICES";"No TAC";"Va";"27_5_A";"";253;"Saithe(=Pollock)"
"Pollachius virens";"North Atlantic";"Saithe";"ICES";"POK05B-F.";"Vb";"27_5_B";"??";254;"Saithe(=Pollock)"
"Pollachius virens";"North Atlantic";"Saithe";"ICES";"2A34.";"IV, IIIa, VI";"27_4_27_3_A,27_6";"EU waters of IV and in IIIa";255;"Saithe(=Pollock)"
"Pollachius virens";"North Atlantic";"Saithe";"ICES";"POK7/3411";"VII, VIII";"27_7_E,27_7_F,27_7_G,27_7_H,27_7_J,27_7_K,27_8";"VII,VIII,IX,X;COPACE 34.1.1(1)";256;"Saithe(=Pollock)"
"Polyprion americanus";"North Atlantic";"Wreckfish";"ICES";"WRFXDS";"X";"27_10";"NEAFC Stock - Deep Sea Fisheries";257;"Wreckfish"
"Psetta maxima";"North Atlantic";"Turbot";"ICES";"No TAC";"all areas";"27_5,27_6,27_7_A,27_7_B,27_7_C,27_7_E,27_7_F,27_7_G,27_7_H,27_7_J,27_7_K,27_8,27_9,27_10,27_12,27_14";"";258;"Turbot"
"Reinhardtius hippoglossoides";"North Atlantic";"Greenland halibut";"ICES";"GHL514GRN";"V, XIV";"27_5,27_14";"Greenland zone: V & XIV";259;"Greenland halibut"
"Reinhardtius hippoglossoides";"North Atlantic";"Greenland halibut";"ICES";"GHL2A-C46";"VI";"27_6";"EU waters of IIa and VI. In VI";260;"Greenland halibut"
"Hippoglossus hippoglossus";"North Atlantic";"Atlantic halibut";"ICES";"HAL514GRN";"V, XIV";"27_5,27_14";"";261;"Atlantic halibut"
"Salmo salar";"North Atlantic";"Salmon";"ICES";"No TAC";"all areas";"27_5,27_6,27_7_A,27_7_B,27_7_C,27_7_E,27_7_F,27_7_G,27_7_H,27_7_J,27_7_K,27_8,27_9,27_10,27_12,27_14";"";262;"Atlantic salmon"
"Sardina pilchardus";"North Atlantic";"Sardine";"ICES";"No TAC";"VIIIabd";"27_8_A,27_8_B,27_8_D";"";263;"European pilchard(=Sardine)"
"Sardina pilchardus";"North Atlantic";"Sardine";"ICES";"No TAC";"VIIIc, IXa";"27_8_C,27_9_A";"";264;"European pilchard(=Sardine)"
"Scomber colias";"North Atlantic";"Spanish mackerel";"ICES";"No TAC";"VIII, IX, X";"27_8,27_9,27_10";"";265;NA
"Scomber scombrus";"North Atlantic";"Mackerel";"ICES";"MAC2CX14-";"II, IIIa, IV, V, VI, VII, VIII, IX";"27_2,27_3_A,27_4,27_5,27_6,27_7_A,27_7_B,27_7_C,27_7_E,27_7_F,27_7_G,27_7_H,27_7_J,27_7_K,27_8,27_9";"VI,VII,VIIIa),b),d),e), EC waters of Vb, international waters of IIa, XII and XIV";266;"Atlantic mackerel"
"Scophthalmus rhombus";"North Atlantic";"Brill";"ICES";"No TAC";"all areas";"27_5,27_6,27_7_A,27_7_B,27_7_C,27_7_E,27_7_F,27_7_G,27_7_H,27_7_J,27_7_K,27_8,27_9,27_10,27_12,27_14";"";267;"Brill"
"Sebastes marinus";"North Atlantic";"Golden Redfish";"ICES";"REGXXX";"ICES Sub areas V, VI, XII, XIV & NAFO SA 2 + (Div. 1F + 3K).";"27_5,27_6,27_12,27_14,21_1";"NEAFC Stock - catches not from the stock that is subject to NEAFC management mesures";268;"Golden redfish"
"Sebastes mentella";"North Atlantic";"Deep sea Redfish";"ICES";"REBXXX";"ICES Sub areas V, VI, XII, XIV & NAFO SA 2 + (Div. 1F + 3K)";"27_5,27_6,27_12,27_14,21_1";"NEAFC Stock - catches not from the stock that is subject to NEAFC management mesures";269;"Beaked redfish"
"Sepia officinalis";"North Atlantic";"Cuttlefish";"ICES";"No TAC";"all areas";"27_5,27_6,27_7_A,27_7_B,27_7_C,27_7_E,27_7_F,27_7_G,27_7_H,27_7_J,27_7_K,27_8,27_9,27_10,27_12,27_14";"";270;"Common cuttlefish"
"Solea solea";"North Atlantic";"Sole";"ICES";"SOL07A.";"VIIa";"27_7_A";"";271;"Common sole"
"Solea solea";"North Atlantic";"Sole";"ICES";"SOL7FG.";"VIIfg";"27_7_F,27_7_G";"";272;"Common sole"
"Solea solea";"North Atlantic";"Sole";"ICES";"SOL7BC.";"VIIbc";"27_7_B,27_7_C";"";273;"Common sole"
"Solea solea";"North Atlantic";"Sole";"ICES";"SOL7HJK.";"VIIhjk";"27_7_H,27_7_J,27_7_K";"";274;"Common sole"
"Solea solea";"North Atlantic";"Sole";"ICES";"No TAC";"Ixa";"27_9_A";"";275;"Common sole"
"Solea solea";"North Atlantic";"Sole";"ICES";"No TAC";"VIIIc";"27_8_C";"";276;"Common sole"
"Solea solea";"North Atlantic";"Sole";"ICES";"SOL07E.";"VIIe";"27_7_E";"";277;"Common sole"
"Solea solea";"North Atlantic";"Sole";"ICES";"SOL8AB.";"VIIIab";"27_8_A,27_8_B";"";278;"Common sole"
"Sparidae";"North Atlantic";"Sea breams (in plural)";"ICES";"No TAC";"all areas";"27_5,27_6,27_7_A,27_7_B,27_7_C,27_7_E,27_7_F,27_7_G,27_7_H,27_7_J,27_7_K,27_8,27_9,27_10,27_12,27_14";"";279;"Porgies, seabreams nei"
"Trachurus mediterraneus";"North Atlantic";"Mediterranean horse mackerel";"ICES";"No TAC";"VIII, IX";"27_8,27_9";"";280;"Mediterranean horse mackerel"
"Trachurus picturatus";"North Atlantic";"Blue jack mackerel";"ICES";"JAX08C.,JAX09.,JAXX34PRT";"VIII, IX, X";"27_8,27_9,27_10";"TAC = Jack + horse mackerel nei?";281;"Blue jack mackerel"
"Trachurus trachurus";"North Atlantic";"Horse mackerel";"ICES";"JAX2A-14";"IIa, IVa, Vb, VIa, VIIa-c, e-k, VIIIabde";"27_2_A,27_4_A,27_5_B,27_6_A,27_7_A,27_7_B,27_7_C,27_7_E,27_7_F,27_7_G,27_7_H,27_7_J,27_7_K,27_8_A,27_8_B,27_8_D,27_8_E";"NEAFC Stock - catches not from the stock that is subject to NEAFC management mesures";282;"Atlantic horse mackerel"
"Trachurus trachurus";"North Atlantic";"Horse mackerel";"ICES";"JAXX34PRT";"X";"27_10";"NEAFC Stock - catches not from the stock that is subject to NEAFC management mesures";283;"Atlantic horse mackerel"
"Trachurus trachurus";"North Atlantic";"Horse mackerel";"ICES";"JAX08C.,JAX09.";"VIIIc, IXa";"27_8_C,27_9_A";"NEAFC Stock - catches not from the stock that is subject to NEAFC management mesures";284;"Atlantic horse mackerel"
"Trisopterus spp.";"North Atlantic";"Pouting";"ICES";"No TAC";"all areas";"27_5,27_6,27_7_A,27_7_B,27_7_C,27_7_E,27_7_F,27_7_G,27_7_H,27_7_J,27_7_K,27_8,27_9,27_10,27_12,27_14";"";285;NA
"Zeus faber";"North Atlantic";"John Dory";"ICES";"No TAC";"all areas";"27_5,27_6,27_7_A,27_7_B,27_7_C,27_7_E,27_7_F,27_7_G,27_7_H,27_7_J,27_7_K,27_8,27_9,27_10,27_12,27_14";"";286;"John dory"
"Amblyraja hyperborea";"North Atlantic";"";"ICES";"";"all areas";"";"";287;NA
"Bathyraja spinicauda";"North Atlantic";"";"ICES";"";"all areas";"";"";288;"Spinetail ray"
"Chimaera monstrosa";"North Atlantic";"";"ICES";"";"all areas";"";"";289;"Rabbit fish"
"Chimaera opalescens";"North Atlantic";"";"ICES";"";"all areas";"";"";290;NA
"Dasyatis tortonesei";"North Atlantic";"";"ICES";"";"VII, VIII";"";"";291;"Tortonese's stingray"
"Dipturus batis";"North Atlantic";"";"ICES";"";"IIa, V, VI, VII, VIII, IXa";"";"";292;NA
"Dipturus intermedia";"North Atlantic";"";"ICES";"";"IIa, V, VI, VII, VIII, IXa";"";"";293;NA
"Dipturus nidarosiensis";"North Atlantic";"";"ICES";"";"VI, VIIa-c, VIIe-h, VIIk";"";"";294;NA
"Dipturus oxyrinchus";"North Atlantic";"";"ICES";"";"";"";"";295;NA
"Galeorhinus galeus";"North Atlantic";"";"ICES";"";"all areas";"";"";296;"Tope shark"
"Harriotta raleighana";"North Atlantic";"";"ICES";"";"all areas";"";"";297;"Pacific longnose chimaera"
"Hexanchus griseus";"North Atlantic";"";"ICES";"";"all areas";"";"";298;"Bluntnose sixgill shark"
"Hydrolagus mirabilis";"North Atlantic";"";"ICES";"";"all areas";"";"";299;"Large-eyed rabbitfish"
"Isurus oxyrinchus";"North Atlantic";"";"ICES";"";"all areas (North of 5?N)";"";"";300;"Shortfin mako"
"Lamna nasus";"North Atlantic";"";"ICES";"";"all areas (subareas 1-14)";"";"";301;"Porbeagle"
"Myliobatis aquila";"North Atlantic";"";"ICES";"";"all areas";"";"";302;"Common eagle ray"
"Prionace glauca";"North Atlantic";"";"ICES";"";"All areas (North of 5?N)";"";"";303;"Blue shark"
"Rajella kukujevi";"North Atlantic";"";"ICES";"";"All areas";"";"";304;NA
"Rajella lintea";"North Atlantic";"";"ICES";"";"All areas";"";"";305;NA
"Rhinochimaera atlantica";"North Atlantic";"";"ICES";"";"V, XIV";"";"";306;"Straightnose rabbitfish"
"Scyliorhinus canicula";"North Atlantic";"";"ICES";"";"VI, VIIa-c, VIIe-j, VIIIa-d, IXa";"";"";307;"Small-spotted catshark"
"Scyliorhinus stellaris";"North Atlantic";"";"ICES";"";"VI, VII";"";"";308;"Nursehound"
"Squalus acanthias";"North Atlantic";"";"ICES";"";"All areas";"";"";309;"Picked dogfish"
"Torpedo marmorata";"North Atlantic";"";"ICES";"";"all areas";"";"";310;"Marbled electric ray"
"Dalatias licha";"North Atlantic";"";"ICES";"";"All areas";"";"";311;"Kitefin shark"
"Dasyatis pastinaca";"North Atlantic";"";"ICES";"";"VII, VIII";"";"";312;"Common stingray"
"Deania calcea";"North Atlantic";"";"ICES";"";"V, VI, VII, IX, X, XII";"";"";313;"Birdbeak dogfish"
"Etmopterus spinax";"North Atlantic";"";"ICES";"";"VI, VII, VIII";"";"";314;"Velvet belly"
"Mustelus asterias";"North Atlantic";"";"ICES";"";"VI, VII, VIII, IX";"";"";315;"Starry smooth-hound"
"Mustelus mustelus";"North Atlantic";"";"ICES";"";"VI, VII, VIII, IX";"";"";316;"Smooth-hound"
"Mustelus punctulatus";"North Atlantic";"";"ICES";"";"VI, VII, VIII, IX";"";"";317;"Blackspotted smooth-hound"
"Rostroraja alba";"North Atlantic";"";"ICES";"";"All areas";"";"";318;NA
"Raja asterias";"North Atlantic";"";"ICES";"";"All areas";"";"";319;"Mediterranean starry ray"
"Raja brachyura";"North Atlantic";"";"ICES";"";"VI, VIIa, VIIe-g, IXa";"";"";320;"Blonde ray"
"Leucoraja circularis";"North Atlantic";"";"ICES";"";"VI, VII, VIII ";"";"";321;NA
"Raja clavata";"North Atlantic";"";"ICES";"";"VI, VIIa,e-g, VIII, IXa";"";"";322;"Thornback ray"
"Leucoraja fullonica";"North Atlantic";"";"ICES";"";"All areas";"";"";323;NA
"Rajella fyllae";"North Atlantic";"";"ICES";"";"All areas";"";"";324;NA
"Amblyraja hyperborea";"North Atlantic";"";"ICES";"";"All areas";"";"";325;NA
"Raja microocellata";"North Atlantic";"";"ICES";"";"VIIe-g";"";"";326;"Small-eyed ray"
"Raja montagui";"North Atlantic";"";"ICES";"";"VI, VIIa,VIIb, VIIe-h,j, VIII, IXa";"";"";327;"Spotted ray"
"Leucoraja naevus";"North Atlantic";"";"ICES";"";"VI, VIIa-c, IXa";"";"";328;NA
"Amblyraja radiata";"North Atlantic";"";"ICES";"";"all areas";"";"";329;NA
"Raja undulata";"North Atlantic";"";"ICES";"";"VIIb-c, VIIe-j, VIIIa-c, IXa";"";"";330;"Undulate ray"
"Rajiformes";"North Atlantic";"";"ICES";"";"All areas";"";"";331;"Rays, stingrays, mantas nei"
"Centrophorus squamosus";"North Atlantic";"";"ICES";"";"All Regions";"";"";332;"Leafscale gulper shark"
"Cetorhinus maximus";"North Atlantic";"";"ICES";"";"All Regions";"";"";333;"Basking shark"
"Galeus melastomus";"North Atlantic";"";"ICES";"";"VI, VII";"";"";334;"Blackmouth catshark"
"Anguilla anguilla";"Mediterranean and Black Sea";"European Eel";"GFCM";"No TAC";"all areas in the Med";"all areas in the Med";"";335;"European eel"
"Aristeomorpha foliacea";"Mediterranean and Black Sea";"Giant red shrimp";"GFCM";"No TAC";"all areas in the Med";"all areas in the Med";"";336;NA
"Aristeus antennatus";"Mediterranean and Black Sea";"Red shrimp";"GFCM";"No TAC";"all areas in the Med";"all areas in the Med";"";337;"Blue and red shrimp"
"Boops boops";"Mediterranean and Black Sea";"Bogue";"GFCM";"No TAC";"1.3, 2.1, 2.2, 3.1, 3.2";"1.3, 2.1, 2.2, 3.1, 3.2";"";338;"Bogue"
"Coryphaena equiselis";"Mediterranean and Black Sea";"Dolphinfish";"GFCM";"No TAC";"all areas in the Med";"all areas in the Med";"";339;"Pompano dolphinfish"
"Coryphaena hippurus";"Mediterranean and Black Sea";"Dolphinfish";"GFCM";"No TAC";"all areas in the Med";"all areas in the Med";"";340;"Common dolphinfish"
"Dicentrarchus labrax";"Mediterranean and Black Sea";"Sea bass";"GFCM";"No TAC";"all areas in the Med";"all areas in the Med";"";341;"European seabass"
"Eledone cirrhosa";"Mediterranean and Black Sea";"Horned/curled octopus";"GFCM";"No TAC";"1.1, 1.3, 2.1, 2.2, 3.1";"1.1, 1.3, 2.1, 2.2, 3.1";"";342;"Horned octopus"
"Eledone moschata";"Mediterranean and Black Sea";"Musky octopus";"GFCM";"No TAC";"1.3, 2.1, 2.2, 3.1";"1.3, 2.1, 2.2, 3.1";"";343;"Musky octopus"
"Engraulis encrasicolus";"Mediterranean and Black Sea";"Anchovy";"GFCM";"No TAC";"all areas in the Med";"all areas in the Med";"";344;"European anchovy"
"Engraulis encrasicolus";"Mediterranean and Black Sea";"Anchovy";"GFCM";"No TAC";"Black Sea GSA 29";"Black Sea GSA 29";"";345;"European anchovy"
"Eutrigla gurnardus";"Mediterranean and Black Sea";"Grey gurnard";"GFCM";"No TAC";"2.2, 3.1";"2.2, 3.1";"";346;"Grey gurnard"
"Illex spp., Todarodes spp.";"Mediterranean and Black Sea";"Squid";"GFCM";"No TAC";"all areas in the Med";"all areas in the Med";"";347;NA
"Istiophoridae";"Mediterranean and Black Sea";"Billfish";"GFCM";"No TAC";"all areas in the Med";"all areas in the Med";"";348;"Marlins,sailfishes,etc. nei"
"Loligo vulgaris";"Mediterranean and Black Sea";"Common squid";"GFCM";"No TAC";"all areas in the Med";"all areas in the Med";"";349;"European squid"
"Lophius budegassa";"Mediterranean and Black Sea";"Black-bellied angler";"GFCM";"No TAC";"1.1, 1.2, 1.3, 2.2, 3.1";"1.1, 1.2, 1.3, 2.2, 3.1";"";350;"Blackbellied angler"
"Lophius piscatorius";"Mediterranean and Black Sea";"Anglerfish";"GFCM";"No TAC";"1.1, 1.2, 1.3, 2.2, 3.1";"1.1, 1.2, 1.3, 2.2, 3.1";"";351;"Angler(=Monk)"
"Merlangius merlangus";"Mediterranean and Black Sea";"Whiting";"GFCM";"No TAC";"Black Sea GSA 29";"Black Sea GSA 29";"";352;"Whiting"
"Merluccius merluccius";"Mediterranean and Black Sea";"Hake";"GFCM";"No TAC";"all areas in the Med";"all areas in the Med";"";353;"European hake"
"Micromesistius poutassou";"Mediterranean and Black Sea";"Blue whiting";"GFCM";"No TAC";"1.1, 3.1";"1.1, 3.1";"";354;"Blue whiting(=Poutassou)"
"Mugilidae";"Mediterranean and Black Sea";"Grey mullets";"GFCM";"No TAC";"1.3, 2.1, 2.2, 3.1";"1.3, 2.1, 2.2, 3.1";"";355;"Mullets nei"
"Mullus barbatus";"Mediterranean and Black Sea";"Red mullet";"GFCM";"No TAC";"all areas in the Med";"all areas in the Med";"";356;"Red mullet"
"Mullus barbatus";"Mediterranean and Black Sea";"Red mullet";"GFCM";"No TAC";"Black Sea GSA 29";"Black Sea GSA 29";"";357;"Red mullet"
"Mullus surmuletus";"Mediterranean and Black Sea";"Striped red mullet";"GFCM";"No TAC";"all areas in the Med";"all areas in the Med";"";358;"Surmullet"
"Octopus vulgaris";"Mediterranean and Black Sea";"Common octopus";"GFCM";"No TAC";"all areas in the Med";"all areas in the Med";"";359;"Common octopus"
"Nephrops norvegicus";"Mediterranean and Black Sea";"Norway lobster";"GFCM";"No TAC";"all areas in the Med";"all areas in the Med";"";360;"Norway lobster"
"Pagellus erythrinus";"Mediterranean and Black Sea";"Pandora";"GFCM";"No TAC";"all areas in the Med";"all areas in the Med";"";361;"Common pandora"
"Parapenaeus longirostris";"Mediterranean and Black Sea";"Deepwater rose shrimp";"GFCM";"No TAC";"all areas in the Med";"all areas in the Med";"";362;"Deep-water rose shrimp"
"Penaeus kerathurus";"Mediterranean and Black Sea";"Caramote prawn";"GFCM";"No TAC";"3,1";"3,1";"";363;"Caramote prawn"
"Psetta maxima";"Mediterranean and Black Sea";"Turbot";"GFCM";"TURF3742C";"Black Sea GSA 29";"Black Sea GSA 29";"Black Sea (Division 37.4.2) - EU waters";364;"Turbot"
"Sardina pilchardus";"Mediterranean and Black Sea";"Sardine";"GFCM";"No TAC";"all areas in the Med";"all areas in the Med";"";365;"European pilchard(=Sardine)"
"Scomber spp.";"Mediterranean and Black Sea";"Mackerel";"GFCM";"No TAC";"all areas in the Med";"all areas in the Med";"";366;NA
"Sepia officinalis";"Mediterranean and Black Sea";"Cuttlefish";"GFCM";"No TAC";"all areas in the Med";"all areas in the Med";"";367;"Common cuttlefish"
"Solea vulgaris";"Mediterranean and Black Sea";"Sole";"GFCM";"No TAC";"1.2, 2.1, 3.1";"1.2, 2.1, 3.1";"";368;NA
"Sparus aurata";"Mediterranean and Black Sea";"Gilthead sea bream";"GFCM";"No TAC";"1.2, 3.1";"1.2, 3.1";"";369;"Gilthead seabream"
"Spicara smaris";"Mediterranean and Black Sea";"Picarels";"GFCM";"No TAC";"2.1, 3.1, 3.2";"2.1, 3.1, 3.2";"";370;"Picarel"
"Sprattus sprattus";"Mediterranean and Black Sea";"Sprat";"GFCM";"No TAC";"Black Sea GSA 29";"Black Sea GSA 29";"";371;"European sprat"
"Squilla mantis";"Mediterranean and Black Sea";"Mantis shrimp";"GFCM";"No TAC";"1.3, 2.1, 2.2";"1.3, 2.1, 2.2";"";372;"Spottail mantis squillid"
"Trachurus mediterraneus";"Mediterranean and Black Sea";"Mediterranean horse mackerel";"GFCM";"No TAC";"All areas in the Med";"All areas in the Med";"";373;"Mediterranean horse mackerel"
"Trachurus mediterraneus";"Mediterranean and Black Sea";"Mediterranean horse mackerel";"GFCM";"No TAC";"Black Sea GSA 29";"Black Sea GSA 29";"";374;"Mediterranean horse mackerel"
"Trachurus trachurus";"Mediterranean and Black Sea";"Horse mackerel";"GFCM";"No TAC";"all areas in the Med";"all areas in the Med";"";375;"Atlantic horse mackerel"
"Trachurus trachurus";"Mediterranean and Black Sea";"Horse mackerel";"GFCM";"No TAC";"Black Sea GSA 29";"Black Sea GSA 29";"";376;"Atlantic horse mackerel"
"Trigla lucerna";"Mediterranean and Black Sea";"Tub gurnard";"GFCM";"No TAC";"1.3, 2.2, 3.1";"1.3, 2.2, 3.1";"";377;NA
"Veneridae";"Mediterranean and Black Sea";"Clam";"GFCM";"No TAC";"2.1, 2.2";"2.1, 2.2";"";378;"Venus clams nei"
"Aphia minuta";"Mediterranean and Black Sea";"Transparent gobid";"GFCM";"No TAC";"GSA 9,10,16 and 19";"GSA 9,10,16 and 19";"";379;"Transparent goby"
"Atherina spp";"Mediterranean and Black Sea";"Sand smelt";"GFCM";"No TAC";"GSA 9,10,16 and 19";"GSA 9,10,16 and 19";"";380;"Sand smelts nei"
"Trisopterus minutus";"Mediterranean and Black Sea";"Poor cod";"GFCM";"No TAC";"All Regions";"All Regions";"";381;"Poor cod"
"Alopias vulpinus";"Mediterranean and Black Sea";"";"GFCM";"No TAC";"All Regions";"All Regions";"";382;"Thresher"
"Carcharhinidae";"Mediterranean and Black Sea";"";"GFCM";"No TAC";"All Regions";"All Regions";"";383;"Requiem sharks nei"
"Centrophorus granulosus";"Mediterranean and Black Sea";"";"GFCM";"No TAC";"All Regions";"All Regions";"";384;"Gulper shark"
"Centrophorus squamosus";"Mediterranean and Black Sea";"";"GFCM";"No TAC";"All Regions";"All Regions";"";385;"Leafscale gulper shark"
"Centrophorus uyato";"Mediterranean and Black Sea";"";"GFCM";"No TAC";"All Regions";"All Regions";"";386;"Little gulper shark"
"Cetorhinus maximus";"Mediterranean and Black Sea";"";"GFCM";"No TAC";"All Regions";"All Regions";"";387;"Basking shark"
"Dalatias licha";"Mediterranean and Black Sea";"";"GFCM";"No TAC";"All Regions";"All Regions";"";388;"Kitefin shark"
"Dasyatidae";"Mediterranean and Black Sea";"";"GFCM";"No TAC";"All Regions";"All Regions";"";389;"Stingrays, butterfly rays nei"
"Dasyatis pastinaca";"Mediterranean and Black Sea";"";"GFCM";"No TAC";"All Regions";"All Regions";"";390;"Common stingray"
"Elasmobranchii";"Mediterranean and Black Sea";"";"GFCM";"No TAC";"All Regions";"All Regions";"";391;"Sharks, rays, skates, etc. nei"
"Elasmobranchii";"Mediterranean and Black Sea";"";"GFCM";"No TAC";"All Regions";"All Regions";"";391;"Deep-water sharks nei"
"Etmopterus spinax";"Mediterranean and Black Sea";"";"GFCM";"No TAC";"All Regions";"All Regions";"";392;"Velvet belly"
"Galeorhinus galeus";"Mediterranean and Black Sea";"";"GFCM";"No TAC";"All Regions";"All Regions";"";393;"Tope shark"
"Galeus melastomus";"Mediterranean and Black Sea";"";"GFCM";"No TAC";"All Regions";"All Regions";"";394;"Blackmouth catshark"
"Galeus spp.";"Mediterranean and Black Sea";"";"GFCM";"No TAC";"All Regions";"All Regions";"";395;NA
"Heptranchias perlo";"Mediterranean and Black Sea";"";"GFCM";"No TAC";"All Regions";"All Regions";"";396;"Sharpnose sevengill shark"
"Hexanchus griseus";"Mediterranean and Black Sea";"";"GFCM";"No TAC";"All Regions";"All Regions";"";397;"Bluntnose sixgill shark"
"Isurus oxyrinchus";"Mediterranean and Black Sea";"";"GFCM";"No TAC";"All Regions";"All Regions";"";398;"Shortfin mako"
"Lamna nasus";"Mediterranean and Black Sea";"";"GFCM";"No TAC";"All Regions";"All Regions";"";399;"Porbeagle"
"Mustelus asterias";"Mediterranean and Black Sea";"";"GFCM";"No TAC";"All Regions";"All Regions";"";400;"Starry smooth-hound"
"Mustelus mustelus";"Mediterranean and Black Sea";"";"GFCM";"No TAC";"All Regions";"All Regions";"";401;"Smooth-hound"
"Mustelus spp.";"Mediterranean and Black Sea";"";"GFCM";"No TAC";"All Regions";"All Regions";"";402;NA
"Myliobatis aquila";"Mediterranean and Black Sea";"";"GFCM";"No TAC";"All Regions";"All Regions";"";403;"Common eagle ray"
"Oxynotus centrina";"Mediterranean and Black Sea";"";"GFCM";"No TAC";"All Regions";"All Regions";"";404;"Angular roughshark"
"Prionace glauca";"Mediterranean and Black Sea";"";"GFCM";"No TAC";"All Regions";"All Regions";"";405;"Blue shark"
"Rostroraja alba";"Mediterranean and Black Sea";"";"GFCM";"No TAC";"All Regions";"All Regions";"";406;NA
"Raja asterias";"Mediterranean and Black Sea";"";"GFCM";"No TAC";"All Regions";"All Regions";"";407;"Mediterranean starry ray"
"Dipturus batis";"Mediterranean and Black Sea";"";"GFCM";"No TAC";"All Regions";"All Regions";"";408;NA
"Raja brachyura";"Mediterranean and Black Sea";"";"GFCM";"No TAC";"All Regions";"All Regions";"";409;"Blonde ray"
"Leucoraja circularis";"Mediterranean and Black Sea";"";"GFCM";"No TAC";"All Regions";"All Regions";"";410;NA
"Raja clavata";"Mediterranean and Black Sea";"";"GFCM";"No TAC";"All Regions";"All Regions";"";411;"Thornback ray"
"Leucoraja fullonica";"Mediterranean and Black Sea";"";"GFCM";"No TAC";"All Regions";"All Regions";"";412;NA
"Raja melitensis";"Mediterranean and Black Sea";"";"GFCM";"No TAC";"All Regions";"All Regions";"";413;"Maltese ray"
"Raja microocellata";"Mediterranean and Black Sea";"";"GFCM";"No TAC";"All Regions";"All Regions";"";414;"Small-eyed ray"
"Raja miraletus";"Mediterranean and Black Sea";"";"GFCM";"No TAC";"All Regions";"All Regions";"";415;"Brown ray"
"Raja montagui";"Mediterranean and Black Sea";"";"GFCM";"No TAC";"All Regions";"All Regions";"";416;"Spotted ray"
"Leucoraja naevus";"Mediterranean and Black Sea";"";"GFCM";"No TAC";"All Regions";"All Regions";"";417;NA
"Dipturus oxyrinchus";"Mediterranean and Black Sea";"";"GFCM";"No TAC";"All Regions";"All Regions";"";418;NA
"Raja polystigma";"Mediterranean and Black Sea";"";"GFCM";"No TAC";"All Regions";"All Regions";"";419;"Speckled ray"
"Raja radula";"Mediterranean and Black Sea";"";"GFCM";"No TAC";"All Regions";"All Regions";"";420;"Rough ray"
"Raja spp.";"Mediterranean and Black Sea";"";"GFCM";"No TAC";"All Regions";"All Regions";"";421;NA
"Raja undulata";"Mediterranean and Black Sea";"";"GFCM";"No TAC";"All Regions";"All Regions";"";422;"Undulate ray"
"Rajidae";"Mediterranean and Black Sea";"";"GFCM";"No TAC";"All Regions";"All Regions";"";423;"Rays and skates nei"
"Scyliorhinus canicula";"Mediterranean and Black Sea";"";"GFCM";"No TAC";"All Regions";"All Regions";"";424;"Small-spotted catshark"
"Scyliorhinus spp.";"Mediterranean and Black Sea";"";"GFCM";"No TAC";"All Regions";"All Regions";"";425;NA
"Scyliorhinus stellaris";"Mediterranean and Black Sea";"";"GFCM";"No TAC";"All Regions";"All Regions";"";426;"Nursehound"
"Sphyrna spp.";"Mediterranean and Black Sea";"";"GFCM";"No TAC";"All Regions";"All Regions";"";427;NA
"Squalidae";"Mediterranean and Black Sea";"";"GFCM";"No TAC";"All Regions";"All Regions";"";428;"Dogfish sharks nei"
"Squaliformes";"Mediterranean and Black Sea";"";"GFCM";"No TAC";"All Regions";"All Regions";"";429;"Dogfish sharks, etc. nei"
"Squalus acanthias";"Mediterranean and Black Sea";"";"GFCM";"No TAC";"All Regions";"All Regions";"";430;"Picked dogfish"
"Squalus blainville";"Mediterranean and Black Sea";"";"GFCM";"No TAC";"All Regions";"All Regions";"";431;"Longnose spurdog"
"Squalus spp.";"Mediterranean and Black Sea";"";"GFCM";"No TAC";"All Regions";"All Regions";"";432;NA
"Squatina squatina";"Mediterranean and Black Sea";"";"GFCM";"No TAC";"All Regions";"All Regions";"";433;"Angelshark"
"Torpedo marmorata";"Mediterranean and Black Sea";"";"GFCM";"No TAC";"All Regions";"All Regions";"";434;"Marbled electric ray"
"Torpedo spp.";"Mediterranean and Black Sea";"";"GFCM";"No TAC";"All Regions";"All Regions";"";435;NA
"Triakidae";"Mediterranean and Black Sea";"";"GFCM";"No TAC";"All Regions";"All Regions";"";436;"Houndsharks, smoothhounds nei"
"Lutjanus purpureus";"Other regions";"Red snapper";"COPACO";"No TAC";"French Guyana";"";"";437;"Southern red snapper"
"Farfantepenaeus subtilis";"Other regions";"Prawns";"COPACO";"No TAC";"French Guyana";"";"";438;NA
"Cynoscion acoupa";"Other regions";"Acoupa weakfish";"COPACO";"No TAC";"French Guyana";"";"";439;"Acoupa weakfish"
"Cynoscion steindachneri";"Other regions";"Smalltooth weakfish";"COPACO";"No TAC";"French Guyana";"";"";440;"Smalltooth weakfish"
"Cynoscion virescens";"Other regions";"Green weakfish";"COPACO";"No TAC";"French Guyana";"";"";441;"Green weakfish"
"Ariidae";"Other regions";"Sea catfishes";"COPACO";"No TAC";"French Guyana";"";"";442;"Sea catfishes nei"
"Lobotes surinamensis";"Other regions";"Tripletail";"COPACO";"No TAC";"French Guyana";"";"";443;"Tripletail"
"Genyatremus luteus";"Other regions";"Torroto grunt";"COPACO";"No TAC";"French Guyana";"";"";444;"Torroto grunt"
"Centropomus spp.";"Other regions";"Snooks";"COPACO";"No TAC";"French Guyana";"";"";445;NA
"Serranidae";"Other regions";"Groupers";"COPACO";"No TAC";"Guadeloupe and Martinique";"";"";446;"Groupers, seabasses nei"
"Mugil spp.";"Other regions";"Mullets";"COPACO";"No TAC";"Guadeloupe and Martinique";"";"";447;NA
"Lutjanidae";"Other regions";"Snappers";"COPACO";"No TAC";"Guadeloupe and Martinique";"";"";448;"Snappers, jobfishes nei"
"Haemulidae";"Other regions";"Grunters";"COPACO";"No TAC";"Guadeloupe and Martinique";"";"";449;NA
"Serranidae";"Other regions";"Groupers";"COPACO";"No TAC";"Guadeloupe and Martinique";"";"";450;"Groupers, seabasses nei"
"Pterois volitans";"Other regions";"Lion fish";"COPACO";"No TAC";"Guadeloupe and Martinique";"";"";451;"Red lionfish"
"Scombridae";"Other regions";"Tuna-like fish";"COPACO";"No TAC";"Guadeloupe and Martinique";"";"";452;"Mackerels nei"
"Makaira nigricans";"Other regions";"Blue marlin";"COPACO";"No TAC";"Guadeloupe and Martinique";"";"";453;"Blue marlin"
"Coryphaena hippurus";"Other regions";"Dolphinfish";"COPACO";"No TAC";"Guadeloupe and Martinique";"";"";454;"Common dolphinfish"
"Lutjanidae";"Other regions";"Snappers";"COPACO";"No TAC";"Guadeloupe and Martinique";"";"";455;"Snappers, jobfishes nei"
"Serranidae";"Other regions";"Groupers";"COPACO";"No TAC";"Guadeloupe and Martinique";"";"";456;"Groupers, seabasses nei"
"Scombridae";"Other regions";"Tuna-like fish";"COPACO";"No TAC";"Guadeloupe and Martinique";"";"";457;"Mackerels nei"
"Xiphias gladius";"Other regions";"Swordfish";"COPACO";"No TAC";"Guadeloupe and Martinique";"";"";458;"Swordfish"
"Istiophoridae";"Other regions";"Other bill fishes";"COPACO";"No TAC";"Guadeloupe and Martinique";"";"";459;"Marlins,sailfishes,etc. nei"
"Coryphaena hippurus";"Other regions";"Dolphinfish";"COPACO";"No TAC";"Guadeloupe and Martinique";"";"";460;"Common dolphinfish"
"Selar crumenophthalmus";"Other regions";"Bigeye scad";"COPACO";"No TAC";"Guadeloupe and Martinique";"";"";461;"Bigeye scad"
"Scomber colias";"Other regions";"Atlantic chub mackerel";"";"No TAC";"Azores, Madeira and Canary Islands";"";"";462;NA
"Sardinella maderensis";"Other regions";"Sardinella";"";"No TAC";"Azores, Madeira and Canary Islands";"";"";463;"Madeiran sardinella"
" Trachurus spp.";"Other regions";"Horse mackerel     ";"";"No TAC";"Azores, Madeira and Canary Islands";"";"";464;NA
"Sardina pilchardus";"Other regions";"Sardine";"";"No TAC";"Azores, Madeira and Canary Islands";"";"";465;"European pilchard(=Sardine)"
"Sparisoma cretense";"Other regions";"Parrotfish";"";"No TAC";"Azores, Madeira and Canary Islands";"";"";466;"Parrotfish"
"Patellidae";"Other regions";"Limpets";"";"No TAC";"Azores, Madeira and Canary Islands";"";"";467;NA
"Thunnus albacares";"Other regions";"Yellowfin tuna";"IATTC";"No TAC";"East Pacific Ocean";"";"";468;"Yellowfin tuna"
"Thunnus obesus";"Other regions";"Bigeye tuna";"IATTC";"No TAC";"East Pacific Ocean";"";"";469;"Bigeye tuna"
"Katsuwonus pelamis";"Other regions";"Skipjack tuna";"IATTC";"No TAC";"East Pacific Ocean";"";"";470;"Skipjack tuna"
"Thunnus alalunga";"Other regions";"Albacore tuna";"IATTC";"No TAC";"East Pacific Ocean";"";"";471;"Albacore"
"Thunnus orientalis";"Other regions";"Pacific bluefin tuna";"IATTC";"No TAC";"East Pacific Ocean";"";"";472;"Pacific bluefin tuna"
"Xiphias gladius";"Other regions";"Swordfish";"IATTC";"No TAC";"East Pacific Ocean";"";"";473;"Swordfish"
"Makaira nigricans (or mazara)";"Other regions";"Blue marlin";"IATTC";"No TAC";"East Pacific Ocean";"";"";474;NA
"Makaira indica";"Other regions";"Black marlin";"IATTC";"No TAC";"East Pacific Ocean";"";"";475;"Black marlin"
"Tetrapturus audax";"Other regions";"Striped marlin";"IATTC";"No TAC";"East Pacific Ocean";"";"";476;"Striped marlin"
"Thunnus albacares";"Other regions";"Yellowfin tuna";"ICCAT";"No TAC";"Atlantic Ocean and adjacent seas";"";"";477;"Yellowfin tuna"
"Thunnus obesus";"Other regions";"Bigeye tuna";"ICCAT";"No TAC";"Atlantic Ocean and adjacent seas";"";"";478;"Bigeye tuna"
"Katsuwonus pelamis";"Other regions";"Skipjack tuna";"ICCAT";"No TAC";"Atlantic Ocean and adjacent seas";"";"";479;"Skipjack tuna"
"Thunnus alalunga";"Other regions";"Albacore tuna";"ICCAT";"No TAC";"Atlantic Ocean and adjacent seas";"";"";480;"Albacore"
"Thunnus thynnus";"Other regions";"Bluefin tuna";"ICCAT";"No TAC";"Atlantic Ocean and adjacent seas";"";"";481;"Atlantic bluefin tuna"
"Xiphias gladius";"Other regions";"Swordfish";"ICCAT";"No TAC";"Atlantic Ocean and adjacent seas";"";"";482;"Swordfish"
"Makaira nigricans (or mazara)";"Other regions";"Blue marlin";"ICCAT";"No TAC";"Atlantic Ocean and adjacent seas";"";"";483;NA
"Istiophorus albicans";"Other regions";"Sailfish";"ICCAT";"No TAC";"Atlantic Ocean and adjacent seas";"";"";484;"Atlantic sailfish"
"Tetrapturus albidus";"Other regions";"White marlin";"ICCAT";"No TAC";"Atlantic Ocean and adjacent seas";"";"";485;"Atlantic white marlin"
"Prionace glauca";"Other regions";"Blue shark";"ICCAT";"No TAC";"Atlantic Ocean and adjacent seas";"";"";486;"Blue shark"
"Auxis rochei";"Other regions";"Bullet tuna";"ICCAT";"No TAC";"Atlantic Ocean and adjacent seas";"";"";487;"Bullet tuna"
"Sarda sarda";"Other regions";"Atlantic bonito";"ICCAT";"No TAC";"Atlantic Ocean and adjacent seas";"";"";488;"Atlantic bonito"
"Euthynnus alleteratus";"Other regions";"Atlantic back skipjack";"ICCAT";"No TAC";"Atlantic Ocean and adjacent seas";"";"";489;NA
"Thunnus atlanticus";"Other regions";"Blackfin tuna";"ICCAT";"No TAC";"Atlantic Ocean and adjacent seas";"";"";490;"Blackfin tuna"
"Orcynopsis unicolor";"Other regions";"Plain bonito";"ICCAT";"No TAC";"Atlantic Ocean and adjacent seas";"";"";491;"Plain bonito"
"Scomberomorus brasiliensis";"Other regions";"Serra Spanish mackerel";"ICCAT";"No TAC";"Atlantic Ocean and adjacent seas";"";"";492;"Serra Spanish mackerel"
"Scomberomorus regalis";"Other regions";"Cero";"ICCAT";"No TAC";"Atlantic Ocean and adjacent seas";"";"";493;"Cero"
"Auxis thazard";"Other regions";"Frigate tuna";"ICCAT";"No TAC";"Atlantic Ocean and adjacent seas";"";"";494;"Frigate tuna"
"Scomberomorus cavalla";"Other regions";"King mackerel";"ICCAT";"No TAC";"Atlantic Ocean and adjacent seas";"";"";495;"King mackerel"
"Scomberomorus tritor";"Other regions";"West African
Spanish mackerel";"ICCAT";"No TAC";"Atlantic Ocean and adjacent seas";"";"";496;"West African Spanish mackerel"
"Scomberomorus maculatus";"Other regions";"Atlantic Spanish mackerel";"ICCAT";"No TAC";"Atlantic Ocean and adjacent seas";"";"";497;"Atlantic Spanish mackerel"
"Acanthocybium solandri";"Other regions";"Wahoo";"ICCAT";"No TAC";"Atlantic Ocean and adjacent seas";"";"";498;"Wahoo"
"Coryphaena hippurus";"Other regions";"Dolphinfish";"ICCAT";"No TAC";"Atlantic Ocean and adjacent seas";"";"";499;"Common dolphinfish"
"Gadus morhua";"Other regions";"Cod";"NAFO";"No TAC";"NAFO 2J 3KL";"";"";500;"Atlantic cod"
"Gadus morhua";"Other regions";"Cod";"NAFO";"No TAC";"NAFO 3M";"";"";501;"Atlantic cod"
"Gadus morhua";"Other regions";"Cod";"NAFO";"No TAC";"NAFO 3NO";"";"";502;"Atlantic cod"
"Gadus morhua";"Other regions";"Cod";"NAFO";"No TAC";"NAFO 3Ps";"";"";503;"Atlantic cod"
"Gadus morhua";"Other regions";"Cod";"NAFO";"No TAC";"NAFO SA1";"";"";504;"Atlantic cod"
"Glyptocephalus cynoglossus";"Other regions";"Witch flounder";"NAFO";"No TAC";"NAFO 3NO";"";"";505;"Witch flounder"
"Glyptocephalus cynoglossus";"Other regions";"Witch flounder";"NAFO";"No TAC";"NAFO 2J3KL";"";"";506;"Witch flounder"
"Hippoglossoides platessoides";"Other regions";"American plaice";"NAFO";"No TAC";"NAFO 3LNO";"";"";507;"Amer. plaice(=Long rough dab)"
"Hippoglossoides platessoides";"Other regions";"American plaice";"NAFO";"No TAC";"NAFO 3M";"";"";508;"Amer. plaice(=Long rough dab)"
"Limanda ferruginea";"Other regions";"Yellowtail f*lounder";"NAFO";"No TAC";"NAFO 3LNO";"";"";509;"Yellowtail flounder"
"Coryphaenoides rupestris";"Other regions";"Roundnose
Grenadier";"NAFO";"No TAC";"NAFO SA0 + 1";"";"";510;"Roundnose grenadier"
"Macrourus berglax";"Other regions";"Roughhead grenadier";"NAFO";"No TAC";"NAFO SA2 + 3";"";"";511;"Roughhead grenadier"
"Pandalus borealis";"Other regions";"Northern shrimp";"NAFO";"No TAC";"NAFO 3LNO";"";"";512;"Northern prawn"
"Pandalus borealis";"Other regions";"Northern shrimp";"NAFO";"No TAC";"NAFO 3M";"";"";513;"Northern prawn"
"Amblyraja radiata";"Other regions";"Thorny skate";"NAFO";"No TAC";"NAFO 3LNOPs";"";"";514;NA
"Reinhardtius hippoglossoides";"Other regions";"Greenland halibut";"NAFO";"No TAC";"NAFO 3KLMNO";"";"";515;"Greenland halibut"
"Reinhardtius hippoglossoides";"Other regions";"Greenland halibut";"NAFO";"No TAC";"NAFO SA1";"";"";516;"Greenland halibut"
"Hippoglossus hippoglossus";"Other regions";"Atlantic halibut";"NAFO";"No TAC";"NAFO SA1";"";"";517;"Atlantic halibut"
"Sebastes mentella";"Other regions";"Redfish";"NAFO";"No TAC";"NAFO SA1";"";"";518;"Beaked redfish"
"Sebastes spp.";"Other regions";"Redfish";"NAFO";"No TAC";"NAFO 3LN";"";"";519;NA
"Sebastes spp.";"Other regions";"Redfish";"NAFO";"No TAC";"NAFO 3M";"";"";520;NA
"Sebastes spp.";"Other regions";"Redfish";"NAFO";"No TAC";"NAFO 3O";"";"";521;NA
"Urophycis tenuis";"Other regions";"White hake";"NAFO";"No TAC";"NAFO 3NO";"";"";522;"White hake"
"Mallotus villosus";"Other regions";"Capelin";"NAFO";"No TAC";"NAFO 3NO";"";"";523;"Capelin"
"Beryx sp.";"Other regions";"Alfonsinos";"NAFO";"No TAC";"NAFO 6G";"";"";524;NA
"Illex illecebrosus";"Other regions";"Shortfin squid";"NAFO";"No TAC";"NAFO Subareas 3 + 4";"";"";525;"Northern shortfin squid"
"Salmo salar";"Other regions";"Salmon";"NAFO";"No TAC";"NAFO S1 +   ICES Sub- area XIV, NEAF, NASCO";"";"";526;"Atlantic salmon"
"Brachydeuterus spp.";"Other regions";"Grunt";"CECAF";"No TAC";"34.1.3, 34.3.1, 34.3.3-6";"";"";527;NA
"Caranx spp.";"Other regions";"Jack";"CECAF";"No TAC";"34.3.1, 34.3.3-6";"";"";528;NA
"Cynoglossus spp.";"Other regions";"Tongue sole";"CECAF";"No TAC";"34.1.1, 34.1.3, 34.3.1,
34.3.3-6";"";"";529;NA
"Decapterus spp.";"Other regions";"Scad";"CECAF";"No TAC";"34.3.1, 34.3.3-6";"";"";530;NA
"Dentex canariensis";"Other regions";"Canary dentex";"CECAF";"No TAC";"34.1.1, 34.1.3, 34.3.1,
34.3.3-6";"";"";531;"Canary dentex"
"Dentex congoensis";"Other regions";"Congo dentex";"CECAF";"No TAC";"34.1.1, 34.1.3, 34.3.1,
34.3.3-6";"";"";532;"Congo dentex"
"Dentex macrophthalmus";"Other regions";"Large-eye dentex";"CECAF";"No TAC";"34.1.1, 34.1.3, 34.3.1,
34.3.3-6";"";"";533;"Large-eye dentex"
"Dentex maroccanus";"Other regions";"Morocco dentex";"CECAF";"No TAC";"34.1.1, 34.1.3, 34.3.1,
34.3.3-6";"";"";534;"Morocco dentex"
"Dentex spp.";"Other regions";"Dentex";"CECAF";"No TAC";"34.1.1, 34.1.3, 34.3.1,
34.3.3-6";"";"";535;NA
"Engraulis encrasicolus";"Other regions";"Anchovy";"CECAF";"No TAC";"34.1.1, 34.1.3, 34.3.1,
34.3.3-6";"";"";536;"European anchovy"
"Epinephelus aeneus";"Other regions";"White grouper";"CECAF";"No TAC";"34.1.3, 34.3.1, 34.3.3-6";"";"";537;"White grouper"
"Ethmalosa fimbriata";"Other regions";"Bonga shad";"CECAF";"No TAC";"34.3.1, 34.3.3-6";"";"";538;"Bonga shad"
"Farfantepenaeus notialis";"Other regions";"Southern pink shrimp";"CECAF";"No TAC";"34.1.1, 34.1.3, 34.3.1,
34.3.3-6";"";"";539;NA
"Galeoides decadactylus";"Other regions";"Lesser African threadfin";"CECAF";"No TAC";"34.1.3, 34.3.1, 34.3.3-6";"";"";540;"Lesser African threadfin"
"Loligo vulgaris";"Other regions";"Common squid";"CECAF";"No TAC";"34.1.1, 34.1.3, 34.3.1,
34.3.3-6";"";"";541;"European squid"
"Merluccius polli";"Other regions";"Benguela hake";"CECAF";"No TAC";"34.1.1, 34.1.3, 34.3.1,
34.3.3-6";"";"";542;"Benguela hake"
"Merluccius senegalensis";"Other regions";"Senegalese hake";"CECAF";"No TAC";"34.1.1, 34.1.3, 34.3.1,
34.3.3-6";"";"";543;"Senegalese hake"
"Merluccius spp.";"Other regions";"Other hake";"CECAF";"No TAC";"34.1.1, 34.1.3, 34.3.1,
34.3.3-6";"";"";544;NA
"Octopus vulgaris";"Other regions";"Common octopus";"CECAF";"No TAC";"34.1.1, 34.1.3, 34.3.1,
34.3.3-6";"";"";545;"Common octopus"
"Pagellus acarne";"Other regions";"axillary sea bream";"CECAF";"No TAC";"34.1.1";"";"";546;"Axillary seabream"
"Pagellus bellottii";"Other regions";"Red pandora";"CECAF";"No TAC";"34.1.1, 34.1.3, 34.3.1,
34.3.3-6";"";"";547;"Red pandora"
"Pagellus bogaraveo";"Other regions";"Blackspot sea bream";"CECAF";"No TAC";"34.1.1";"";"";548;"Blackspot(=red) seabream"
"Pagellus spp.";"Other regions";"Pandora";"CECAF";"No TAC";"34.1.1, 34.1.3, 34.3.1,
34.3.3-6";"";"";549;NA
"Pagrus caeruleostictus";"Other regions";"Blue spotted sea bream";"CECAF";"No TAC";"34.1.1, 34.1.3, 34.3.1,
34.3.3-6";"";"";550;"Bluespotted seabream"
"Parapenaeus longirostris";"Other regions";"Deepwater rose shrimp";"CECAF";"No TAC";"34.1.1, 34.1.3, 34.3.1,
34.3.3-6";"";"";551;"Deep-water rose shrimp"
"Pomadasys incisus";"Other regions";"Bastard grunt";"CECAF";"No TAC";"34.1.1";"";"";552;"Bastard grunt"
"Pomadasys spp.";"Other regions";"Grunt";"CECAF";"No TAC";"34.1.1, 34.1.3, 34.3.1,
34.3.3-6";"";"";553;NA
"Pseudotolithus spp.";"Other regions";"West African croakers";"CECAF";"No TAC";"34.1.1";"";"";554;NA
"Sardina pilchardus";"Other regions";"Sardine";"CECAF";"No TAC";"34.1.1, 34.1.3";"";"";555;"European pilchard(=Sardine)"
"Sardinella aurita";"Other regions";"Round sardinella";"CECAF";"No TAC";"34.1.1, 34.1.3, 34.3.1,
34.3.3-6";"";"";556;"Round sardinella"
"Sardinella maderensis";"Other regions";"Short-body sardinella";"CECAF";"No TAC";"34.1.1, 34.1.3, 34.3.1,
34.3.3-6";"";"";557;"Madeiran sardinella"
"Scomber japonicus";"Other regions";"Chub mackerel";"CECAF";"No TAC";"34.1.1, 34.1.3, 34.3.1,
34.3.3-6";"";"";558;"Chub mackerel"
"Scomber spp.";"Other regions";"Other Mackerel";"CECAF";"No TAC";"34.1.1, 34.1.3, 34.3.1,
34.3.3-6";"";"";559;NA
"Sepia hierredda";"Other regions";"Cuttlefish";"CECAF";"No TAC";"34.1.1, 34.1.3, 34.3.1,
34.3.3-6";"";"";560;"Giant African cuttlefish"
"Sepia officinalis";"Other regions";"Common cuttlefish";"CECAF";"No TAC";"34.1.1, 34.1.3, 34.3.1,
34.3.3-6";"";"";561;"Common cuttlefish"
"Sepia spp.";"Other regions";"Cuttlefishes";"CECAF";"No TAC";"34.1.1, 34.1.3, 34.3.1,
34.3.3-6";"";"";562;NA
"Sparidae";"Other regions";"Sea bream";"CECAF";"No TAC";"34.1.1, 34.1.3, 34.3.1,
34.3.3-6";"";"";563;"Porgies, seabreams nei"
"Sparus spp.";"Other regions";"Sea bream";"CECAF";"No TAC";"34.1.1";"";"";564;NA
"Trachurus trachurus";"Other regions";"Atlantic horse mackerel";"CECAF";"No TAC";"34.1.1, 34.1.3, 34.3.1,
34.3.3-6";"";"";565;"Atlantic horse mackerel"
"Trachurus trecae";"Other regions";"Cunene horse mackerel";"CECAF";"No TAC";"34.1.1, 34.1.3, 34.3.1,
34.3.3-6";"";"";566;"Cunene horse mackerel"
"Umbrina canariensis";"Other regions";"Canary drum";"CECAF";"No TAC";"34.3.3-6";"";"";567;"Canary drum(=Baardman)"
"Dissostichus eleginoides";"Other regions";"Patagonian toothfish";"SEAFO";"No TAC";"South-East Atlantic";"";"";568;"Patagonian toothfish"
"Beryx spp.";"Other regions";"Alfonsinos";"SEAFO";"No TAC";"South-East Atlantic";"";"";569;NA
"Chaceon spp.";"Other regions";"Red/Golden crabs";"SEAFO";"No TAC";"South-East Atlantic";"";"";570;NA
"Pseudopentaceros richardsoni";"Other regions";"Pelagic armourhead/ Southern boarfish";"SEAFO";"No TAC";"South-East Atlantic";"";"";571;"Pelagic armourhead"
"Helicolenus spp.";"Other regions";"Blackbelly rosefishes";"SEAFO";"No TAC";"South-East Atlantic";"";"";572;NA
"Hoplostethus atlanticus";"Other regions";"Orange roughy";"SEAFO";"No TAC";"South-East Atlantic";"";"";573;"Orange roughy"
"Trachurus spp.";"Other regions";"Horse mackerel";"SEAFO";"No TAC";"South-East Atlantic";"";"";574;NA
"Scomber spp.";"Other regions";"Mackerel";"SEAFO";"No TAC";"South-East Atlantic";"";"";575;NA
"Polyprion americanus";"Other regions";"Wreckfish";"SEAFO";"No TAC";"South-East Atlantic";"";"";576;"Wreckfish"
"Jasus tristani";"Other regions";"Tristan rock lobster";"SEAFO";"No TAC";"South-East Atlantic";"";"";577;"Tristan da Cunha rock lobster"
"Lepidotus caudatus";"Other regions";"Silver scabbardfish";"SEAFO";"No TAC";"South-East Atlantic";"";"";578;NA
"Schedophilus ovalis";"Other regions";"Imperial blackfish";"SEAFO";"No TAC";"South-East Atlantic";"";"";579;"Imperial blackfish"
"Schedophilus velaini";"Other regions";"Violet warehou";"SEAFO";"No TAC";"South-East Atlantic";"";"";580;"Violet warehou"
"Allocyttus verucossus";"Other regions";"Oreo dories";"SEAFO";"No TAC";"South-East Atlantic";"";"";581;NA
"Neocyttus romboidales";"Other regions";"";"SEAFO";"No TAC";"South-East Atlantic";"";"";582;NA
"Allocyttus guineensis";"Other regions";"";"SEAFO";"No TAC";"South-East Atlantic";"";"";583;"Guinea oreo"
"Pseudocyttu smaculatus";"Other regions";"";"SEAFO";"No TAC";"South-East Atlantic";"";"";584;NA
"Emmelichthys nitidus";"Other regions";"Cape bonnetmouth";"SEAFO";"No TAC";"South-East Atlantic";"";"";585;"Cape bonnetmouth"
"Ruvettus pretiosus";"Other regions";"Oilfish";"SEAFO";"No TAC";"South-East Atlantic";"";"";586;"Oilfish"
"Promethichthys prometheus";"Other regions";"Roudi escolar";"SEAFO";"No TAC";"South-East Atlantic";"";"";587;"Roudi escolar"
"Macrourus spp.";"Other regions";"Grenadiers";"SEAFO";"No TAC";"South-East Atlantic";"";"";588;NA
"Antimora rostrata";"Other regions";"Blue antimora";"SEAFO";"No TAC";"South-East Atlantic";"";"";589;"Blue antimora"
"Epigonus spp.";"Other regions";"Cardinal fish";"SEAFO";"No TAC";"South-East Atlantic";"";"";590;NA
"Merluccius spp.";"Other regions";"Hake";"SEAFO";"No TAC";"South-East Atlantic";"";"";591;NA
"Notopogon fernandezianus";"Other regions";"Orange bellowfish";"SEAFO";"No TAC";"South-East Atlantic";"";"";592;"Orange bellowfish"
"Octopodidae and
Loliginidae";"Other regions";"Octopus and squids";"SEAFO";"No TAC";"South-East Atlantic";"";"";593;NA
"Thunnus albacares";"Other regions";"Yellowfin tuna";"WCPFC";"No TAC";"West Central Pacific Ocean";"";"";594;"Yellowfin tuna"
"Thunnus obesus";"Other regions";"Bigeye tuna";"WCPFC";"No TAC";"West Central Pacific Ocean";"";"";595;"Bigeye tuna"
"Katsuwonus pelamis";"Other regions";"Skipjack tuna";"WCPFC";"No TAC";"West Central Pacific Ocean";"";"";596;"Skipjack tuna"
"Thunnus alalunga";"Other regions";"Albacore tuna";"WCPFC";"No TAC";"West Central Pacific Ocean";"";"";597;"Albacore"
"Thunnus orientalis";"Other regions";"Pacific bluefin tuna";"WCPFC";"No TAC";"West Central Pacific Ocean";"";"";598;"Pacific bluefin tuna"
"Xiphias gladius";"Other regions";"Swordfish";"WCPFC";"No TAC";"West Central Pacific Ocean";"";"";599;"Swordfish"
"Makaira nigricans (or mazara)";"Other regions";"Blue marlin";"WCPFC";"No TAC";"West Central Pacific Ocean";"";"";600;NA
"Makaira indica";"Other regions";"Black marlin";"WCPFC";"No TAC";"West Central Pacific Ocean";"";"";601;"Black marlin"
"Tetrapturus audax";"Other regions";"Striped marlin";"WCPFC";"No TAC";"West Central Pacific Ocean";"";"";602;"Striped marlin"
"Acanthocybium solandri";"Other regions";"Wahoo";"WCPFC";"No TAC";"West Central Pacific Ocean";"";"";603;"Wahoo"
"Coryphaena hippurus";"Other regions";"Dolphinfish";"WCPFC";"No TAC";"West Central Pacific Ocean";"";"";604;"Common dolphinfish"
"Elagatis bipinnulata";"Other regions";"Rainbow runner";"WCPFC";"No TAC";"West Central Pacific Ocean";"";"";605;"Rainbow runner"
"Lepidocybium f lavobrunneum";"Other regions";"Escolar";"WCPFC";"No TAC";"West Central Pacific Ocean";"";"";606;NA
"Lampris regius";"Other regions";"Moonfish (opah)";"WCPFC";"No TAC";"West Central Pacific Ocean";"";"";607;NA
"Mola mola";"Other regions";"Sunfish";"WCPFC";"No TAC";"West Central Pacific Ocean";"";"";608;"Ocean sunfish"
"Istiophorus platypterus";"Other regions";"Sailfish";"WCPFC";"No TAC";"West Central Pacific Ocean";"";"";609;"Indo-Pacific sailfish"
"Tetrapturus angustirostris";"Other regions";"Spearfish";"WCPFC";"No TAC";"West Central Pacific Ocean";"";"";610;"Shortbill spearfish"
"Ruvettus pretiosus";"Other regions";"Oilfish";"WCPFC";"No TAC";"West Central Pacific Ocean";"";"";611;"Oilfish"
"Prionace glauca";"Other regions";"Blue shark";"WCPFC";"No TAC";"West Central Pacific Ocean";"";"";612;"Blue shark"
"Carcharhinus longimanus";"Other regions";"Oceanic whitetip shark";"WCPFC";"No TAC";"West Central Pacific Ocean";"";"";613;"Oceanic whitetip shark"
"Carcharhinus falciformis";"Other regions";"Silky shark";"WCPFC";"No TAC";"West Central Pacific Ocean";"";"";614;"Silky shark"
"Alopias superciliosus";"Other regions";"big eye thresher";"WCPFC";"No TAC";"West Central Pacific Ocean";"";"";615;"Bigeye thresher"
"Alopias vulpinus";"Other regions";"Common thresher";"WCPFC";"No TAC";"West Central Pacific Ocean";"";"";616;"Thresher"
"Alopias pelagicus";"Other regions";"Pelagic thresher";"WCPFC";"No TAC";"West Central Pacific Ocean";"";"";617;"Pelagic thresher"
"Panulirus argus";"Other regions";"Caribbean spiny lobster";"WECAFC";"No TAC";"West Central Atlantic";"";"";618;"Caribbean spiny lobster"
"Strombus gigas";"Other regions";"Queen conch";"WECAFC";"No TAC";"West Central Atlantic";"";"";619;"Pink conch"
"Shark-like Selachii, Rajidae";"Other regions";"Sharks, rays & skates";"WECAFC";"No TAC";"West Central Atlantic";"";"";620;NA
"Coryphaena hippurus";"Other regions";"Dolphin fish";"WECAFC";"No TAC";"West Central Atlantic";"";"";621;"Common dolphinfish"
"Acanthocybium solandri";"Other regions";"Wahoo";"WECAFC";"No TAC";"West Central Atlantic";"";"";622;"Wahoo"
"Epinephelus guttatus";"Other regions";"Red hind";"WECAFC";"No TAC";"West Central Atlantic";"";"";623;"Red hind"
"Lutjanus vivanus";"Other regions";"Silk snapper";"WECAFC";"No TAC";"West Central Atlantic";"";"";624;"Silk snapper"
"Lutjanus buccanella";"Other regions";"Blackfin snapper";"WECAFC";"No TAC";"West Central Atlantic";"";"";625;"Blackfin snapper"
"Lutjanus campechanus";"Other regions";"Red snapper";"WECAFC";"No TAC";"West Central Atlantic";"";"";626;"Northern red snapper"
"Penaeus subtilis";"Other regions";"Penaeus shrimp";"WECAFC";"No TAC";"French Guiana EEZ";"";"";627;"Southern brown shrimp"
"Thunnus albacares";"Other regions";"Yellowfin tuna";"IOTC";"No TAC";"Indian Ocean Western and Eastern";"";"";628;"Yellowfin tuna"
"Thunnus obesus";"Other regions";"Bigeye tuna";"IOTC";"No TAC";"Indian Ocean Western and Eastern";"";"";629;"Bigeye tuna"
"Katsuwonus pelamis";"Other regions";"Skipjack tuna";"IOTC";"No TAC";"Indian Ocean Western and Eastern";"";"";630;"Skipjack tuna"
"Thunnus alalunga";"Other regions";"Albacore tuna";"IOTC";"No TAC";"Indian Ocean Western and Eastern";"";"";631;"Albacore"
"Xiphias gladius";"Other regions";"Swordfish";"IOTC";"No TAC";"Indian Ocean Western and Eastern";"";"";632;"Swordfish"
"Makaira nigricans (or mazara)";"Other regions";"Blue marlin";"IOTC";"No TAC";"Indian Ocean Western and Eastern";"";"";633;NA
"Makaira indica";"Other regions";"Black marlin";"IOTC";"No TAC";"Indian Ocean Western and Eastern";"";"";634;"Black marlin"
"Tetrapturus audax";"Other regions";"Striped marlin";"IOTC";"No TAC";"Indian Ocean Western and Eastern";"";"";635;"Striped marlin"
"Istiophorus platypterus";"Other regions";"Indo-Pacific sailfish";"IOTC";"No TAC";"Indian Ocean Western and Eastern";"";"";636;"Indo-Pacific sailfish"
"Auxis rochei";"Other regions";"Bullet tuna";"IOTC";"No TAC";"Indian Ocean Western and Eastern";"";"";637;"Bullet tuna"
"Auxis thazard";"Other regions";"Frigate tuna";"IOTC";"No TAC";"Indian Ocean Western and Eastern";"";"";638;"Frigate tuna"
"Euthynnus affinis";"Other regions";"Kawakawa";"IOTC";"No TAC";"Indian Ocean Western and Eastern";"";"";639;"Kawakawa"
"Thunnus tonggol";"Other regions";"Longtail tuna";"IOTC";"No TAC";"Indian Ocean Western and Eastern";"";"";640;"Longtail tuna"
"Scomberomorus guttatus";"Other regions";"Indo-Pacific king mackerel";"IOTC";"No TAC";"Indian Ocean Western and Eastern";"";"";641;"Indo-Pacific king mackerel"
"Scomberomorus commerson";"Other regions";"Narrow-barred Spanish mackerel";"IOTC";"No TAC";"Indian Ocean Western and Eastern";"";"";642;"Narrow-barred Spanish mackerel"
"Prionace glauca";"Other regions";"Blue shark";"IOTC";"No TAC";"Indian Ocean Western and Eastern";"";"";643;"Blue shark"
"Alopias superciliosus";"Other regions";"Bigeye thresher shark";"IOTC";"No TAC";"Indian Ocean Western and Eastern";"";"";644;"Bigeye thresher"
"Carcharhinus falciformes";"Other regions";"Silky shark";"IOTC";"No TAC";"Indian Ocean Western and Eastern";"";"";645;NA
"Carcharhinus longimanus";"Other regions";"Oceanic whitetip shark";"IOTC";"No TAC";"Indian Ocean Western and Eastern";"";"";646;"Oceanic whitetip shark"
"Alopias pelagicus";"Other regions";"Pelagic thresher shark";"IOTC";"No TAC";"Indian Ocean Western and Eastern";"";"";647;"Pelagic thresher"
"Sphyrna lewini";"Other regions";"Scalloped hammerhead shark";"IOTC";"No TAC";"Indian Ocean Western and Eastern";"";"";648;"Scalloped hammerhead"
"Trachurus murphyi";"Other regions";"Jack mackerel";"SPRFMO";"No TAC";"SPRFMO Convention
Area";"";"";649;"Chilean jack mackerel"
"Euphausia superba";"Other regions";"Krill";"CCAMLR";"No TAC";"CCAMLR Convention
Area";"";"";650;"Antarctic krill"
"Dissostichus spp. Dissostichus eleginoides and Dissostichus mawsoni)";"Other regions";"Toothfish";"CCAMLR";"No TAC";"CCAMLR Convention
Area";"";"";651;NA
"Champsocephalus gunnari";"Other regions";"Mackerel icefish";"CCAMLR";"No TAC";"CCAMLR Convention
Area";"";"";652;"Mackerel icefish"
